method,rank,seed,split,status,present_class_miou,all_class_miou,pixel_accuracy,frequency_weighted_iou,target_layer_parameter_count,dense_target_layer_parameter_count,full_model_parameter_count,target_layer_macs,full_model_macs,actual_relative_squared_frobenius_error,actual_relative_frobenius_error,max_unfolding_tail_bound_squared,output_mode_tail_bound_squared,dataset_validation_report_reference,dataset_validation_report_sha256,checkpoint_sha256,model_kind
dense,,,test,completed,0.3220161576218945,0.3012409216462884,0.860449962587477,0.7664393233961115,102764544,102764544,134391648,16955473920,71422771200,0.0,0.0,0.0,0.0,/content/smallnet/results/camvid_vgg_cp/dataset_validation_report.json,f1bb932fa776a2065507de6b29bdc174c139a1e20f8c4172e04df74af037f57b,1576b92ebb359a519d57d489f8ee823c033588fbd7c77b1c9091606f42fb74a3,dense
cp,32,0,test,completed,0.19911805335308175,0.18627172733030228,0.8255524322596702,0.7058275700560681,152032,102764544,31779136,24409440,54491706720,0.9507744046584543,0.9750766147634012,0.8222565439437998,0.8222565439437998,/content/smallnet/results/camvid_vgg_cp/dataset_validation_report.json,f1bb932fa776a2065507de6b29bdc174c139a1e20f8c4172e04df74af037f57b,1576b92ebb359a519d57d489f8ee823c033588fbd7c77b1c9091606f42fb74a3,cp_structural_zero_shot
cp,32,1,test,completed,0.1811862970689912,0.1694968585484111,0.8194067296488794,0.6943704179443854,152032,102764544,31779136,24409440,54491706720,0.9506663780163561,0.9750212192646661,0.8222565439437998,0.8222565439437998,/content/smallnet/results/camvid_vgg_cp/dataset_validation_report.json,f1bb932fa776a2065507de6b29bdc174c139a1e20f8c4172e04df74af037f57b,1576b92ebb359a519d57d489f8ee823c033588fbd7c77b1c9091606f42fb74a3,cp_structural_zero_shot
cp,32,2,test,completed,0.19320850119654895,0.18074343660322323,0.818746127898038,0.6960611362410651,152032,102764544,31779136,24409440,54491706720,0.9507620325984674,0.9750702705951337,0.8222565439437998,0.8222565439437998,/content/smallnet/results/camvid_vgg_cp/dataset_validation_report.json,f1bb932fa776a2065507de6b29bdc174c139a1e20f8c4172e04df74af037f57b,1576b92ebb359a519d57d489f8ee823c033588fbd7c77b1c9091606f42fb74a3,cp_structural_zero_shot
cp,64,0,test,completed,0.23044079893278388,0.21557365061453976,0.8385020517066907,0.7280184506340405,299968,102764544,31927072,48818880,54516116160,0.9310663263306342,0.9649177821610679,0.7818057507816906,0.7818057507816906,/content/smallnet/results/camvid_vgg_cp/dataset_validation_report.json,f1bb932fa776a2065507de6b29bdc174c139a1e20f8c4172e04df74af037f57b,1576b92ebb359a519d57d489f8ee823c033588fbd7c77b1c9091606f42fb74a3,cp_structural_zero_shot
cp,64,1,test,completed,0.22199542350368173,0.20767313811634744,0.8348842079360601,0.7235103016106122,299968,102764544,31927072,48818880,54516116160,0.9308897436450859,0.9648262764068389,0.7818057507816906,0.7818057507816906,/content/smallnet/results/camvid_vgg_cp/dataset_validation_report.json,f1bb932fa776a2065507de6b29bdc174c139a1e20f8c4172e04df74af037f57b,1576b92ebb359a519d57d489f8ee823c033588fbd7c77b1c9091606f42fb74a3,cp_structural_zero_shot
cp,64,2,test,completed,0.21647418764375315,0.20250811102157554,0.8346966280235953,0.7217720251207516,299968,102764544,31927072,48818880,54516116160,0.9312154942826134,0.9649950747452618,0.7818057507816906,0.7818057507816906,/content/smallnet/results/camvid_vgg_cp/dataset_validation_report.json,f1bb932fa776a2065507de6b29bdc174c139a1e20f8c4172e04df74af037f57b,1576b92ebb359a519d57d489f8ee823c033588fbd7c77b1c9091606f42fb74a3,cp_structural_zero_shot
cp,128,0,test,completed,0.24547360558660775,0.22963659877456855,0.8429356598512721,0.738333758260793,595840,102764544,32222944,97637760,54564935040,0.9042247035218761,0.9509073054309112,0.7323150301246241,0.7323150301246241,/content/smallnet/results/camvid_vgg_cp/dataset_validation_report.json,f1bb932fa776a2065507de6b29bdc174c139a1e20f8c4172e04df74af037f57b,1576b92ebb359a519d57d489f8ee823c033588fbd7c77b1c9091606f42fb74a3,cp_structural_zero_shot
cp,128,1,test,completed,0.24604958346936578,0.23017541679392284,0.8442746636812342,0.737806952808868,595840,102764544,32222944,97637760,54564935040,0.903950632144409,0.9507631840497448,0.7323150301246241,0.7323150301246241,/content/smallnet/results/camvid_vgg_cp/dataset_validation_report.json,f1bb932fa776a2065507de6b29bdc174c139a1e20f8c4172e04df74af037f57b,1576b92ebb359a519d57d489f8ee823c033588fbd7c77b1c9091606f42fb74a3,cp_structural_zero_shot
cp,128,2,test,completed,0.24683489353861682,0.23091006169741574,0.8433705873954469,0.7384877800846696,595840,102764544,32222944,97637760,54564935040,0.9041223860209827,0.9508535039747094,0.7323150301246241,0.7323150301246241,/content/smallnet/results/camvid_vgg_cp/dataset_validation_report.json,f1bb932fa776a2065507de6b29bdc174c139a1e20f8c4172e04df74af037f57b,1576b92ebb359a519d57d489f8ee823c033588fbd7c77b1c9091606f42fb74a3,cp_structural_zero_shot
cp,256,0,test,completed,0.26544725693985693,0.24832162745986616,0.8500530853009239,0.7482555720616691,1187584,102764544,32814688,195275520,54662572800,0.8645458697995494,0.929809587926232,0.6602391192025858,0.6602391192025858,/content/smallnet/results/camvid_vgg_cp/dataset_validation_report.json,f1bb932fa776a2065507de6b29bdc174c139a1e20f8c4172e04df74af037f57b,1576b92ebb359a519d57d489f8ee823c033588fbd7c77b1c9091606f42fb74a3,cp_structural_zero_shot
cp,256,1,test,completed,0.2639923801732524,0.2469606137104619,0.8508191360903805,0.7494215145901425,1187584,102764544,32814688,195275520,54662572800,0.8645158763963522,0.9297934589984768,0.6602391192025858,0.6602391192025858,/content/smallnet/results/camvid_vgg_cp/dataset_validation_report.json,f1bb932fa776a2065507de6b29bdc174c139a1e20f8c4172e04df74af037f57b,1576b92ebb359a519d57d489f8ee823c033588fbd7c77b1c9091606f42fb74a3,cp_structural_zero_shot
cp,256,2,test,completed,0.26321504213902247,0.24623342651715005,0.850134632557453,0.7486201822320394,1187584,102764544,32814688,195275520,54662572800,0.8645191018583068,0.9297951935014005,0.6602391192025858,0.6602391192025858,/content/smallnet/results/camvid_vgg_cp/dataset_validation_report.json,f1bb932fa776a2065507de6b29bdc174c139a1e20f8c4172e04df74af037f57b,1576b92ebb359a519d57d489f8ee823c033588fbd7c77b1c9091606f42fb74a3,cp_structural_zero_shot
cp,512,0,test,completed,0.28185092753345975,0.26366699672484945,0.8547377550056194,0.7563902070593889,2371072,102764544,33998176,390551040,54857848320,0.8076862682426663,0.8987136742270401,0.5532109160047733,0.5532109160047733,/content/smallnet/results/camvid_vgg_cp/dataset_validation_report.json,f1bb932fa776a2065507de6b29bdc174c139a1e20f8c4172e04df74af037f57b,1576b92ebb359a519d57d489f8ee823c033588fbd7c77b1c9091606f42fb74a3,cp_structural_zero_shot
cp,512,1,test,completed,0.28133978629625706,0.26318883234165985,0.8542338279773092,0.7559208280829559,2371072,102764544,33998176,390551040,54857848320,0.8078424404745772,0.898800556561119,0.5532109160047733,0.5532109160047733,/content/smallnet/results/camvid_vgg_cp/dataset_validation_report.json,f1bb932fa776a2065507de6b29bdc174c139a1e20f8c4172e04df74af037f57b,1576b92ebb359a519d57d489f8ee823c033588fbd7c77b1c9091606f42fb74a3,cp_structural_zero_shot
cp,512,2,test,completed,0.2806542037488253,0.26254748092632046,0.854421407889774,0.7557333001518517,2371072,102764544,33998176,390551040,54857848320,0.8074242569644265,0.8985678922398833,0.5532109160047733,0.5532109160047733,/content/smallnet/results/camvid_vgg_cp/dataset_validation_report.json,f1bb932fa776a2065507de6b29bdc174c139a1e20f8c4172e04df74af037f57b,1576b92ebb359a519d57d489f8ee823c033588fbd7c77b1c9091606f42fb74a3,cp_structural_zero_shot
matrix_svd_output_unfolding,32,,test,completed,0.29872018442056186,0.279447914457945,0.8534913871612785,0.7565826644442727,937984,102764544,32565088,154091520,54621388800,0.8222565439437997,0.9067836257585377,0.8222565439437998,0.8222565439437998,/content/smallnet/results/camvid_vgg_cp/dataset_validation_report.json,f1bb932fa776a2065507de6b29bdc174c139a1e20f8c4172e04df74af037f57b,1576b92ebb359a519d57d489f8ee823c033588fbd7c77b1c9091606f42fb74a3,matrix_svd_output_unfolding_zero_shot
matrix_svd_output_unfolding,64,,test,completed,0.30890460016159005,0.28897527111890686,0.8565274175193537,0.7629026011924037,1871872,102764544,33498976,308183040,54775480320,0.7818057507816903,0.8841978007107292,0.7818057507816906,0.7818057507816906,/content/smallnet/results/camvid_vgg_cp/dataset_validation_report.json,f1bb932fa776a2065507de6b29bdc174c139a1e20f8c4172e04df74af037f57b,1576b92ebb359a519d57d489f8ee823c033588fbd7c77b1c9091606f42fb74a3,matrix_svd_output_unfolding_zero_shot
matrix_svd_output_unfolding,128,,test,completed,0.3167821406971841,0.2963445832328496,0.8580502608053165,0.7645643306121307,3739648,102764544,35366752,616366080,55083663360,0.732315030124624,0.8557540710534913,0.7323150301246241,0.7323150301246241,/content/smallnet/results/camvid_vgg_cp/dataset_validation_report.json,f1bb932fa776a2065507de6b29bdc174c139a1e20f8c4172e04df74af037f57b,1576b92ebb359a519d57d489f8ee823c033588fbd7c77b1c9091606f42fb74a3,matrix_svd_output_unfolding_zero_shot
matrix_svd_output_unfolding,256,,test,completed,0.3205239051556156,0.29984494353267266,0.859030578735627,0.7653832843942558,7475200,102764544,39102304,1232732160,55700029440,0.6602391192025857,0.8125509948320694,0.6602391192025858,0.6602391192025858,/content/smallnet/results/camvid_vgg_cp/dataset_validation_report.json,f1bb932fa776a2065507de6b29bdc174c139a1e20f8c4172e04df74af037f57b,1576b92ebb359a519d57d489f8ee823c033588fbd7c77b1c9091606f42fb74a3,matrix_svd_output_unfolding_zero_shot
matrix_svd_output_unfolding,512,,test,completed,0.3219131545367167,0.3011445639214447,0.8596207219590315,0.7658395261152039,14946304,102764544,46573408,2465464320,56932761600,0.5532109160047736,0.7437814974875172,0.5532109160047733,0.5532109160047733,/content/smallnet/results/camvid_vgg_cp/dataset_validation_report.json,f1bb932fa776a2065507de6b29bdc174c139a1e20f8c4172e04df74af037f57b,1576b92ebb359a519d57d489f8ee823c033588fbd7c77b1c9091606f42fb74a3,matrix_svd_output_unfolding_zero_shot
