absolute_squared_residual_reduction_100_to_200,absolute_squared_residual_reduction_10_to_25,absolute_squared_residual_reduction_200_to_400,absolute_squared_residual_reduction_25_to_50,absolute_squared_residual_reduction_50_to_100,actual_fit_initialization_hash_sha256,actual_relative_frobenius_error,actual_relative_squared_frobenius_error,adjacent_budget_residual_reductions_json,bound_tolerance,checkpoint_sha256,completed_requested_budget,compression_factor,convergence_status,decomposition_runtime_seconds,default_explicit_khatri_rao_peak_bytes_avoided,dense_tensor_shape,deterministic_settings,device,failure_exception,gap_above_max_bound,initialization_hash_sha256,initialization_identifier,initialization_matches_other_budgets,initialization_verification,initializer,iteration_budget,largest_completed_iteration_budget,max_unfolding_tail_bound_squared,method,mttkrp_implementation,mttkrp_max_explicit_bytes,mttkrp_rank_chunk_size,numerical_precision,output_mode_svd_residual_squared,parameter_count,parameter_ratio,rank,relative_squared_residual_reduction_100_to_200,relative_squared_residual_reduction_10_to_100,relative_squared_residual_reduction_10_to_25,relative_squared_residual_reduction_200_to_400,relative_squared_residual_reduction_25_to_50,relative_squared_residual_reduction_50_to_100,relative_squared_residual_reduction_smallest_to_largest_completed,seed,smallest_completed_iteration_budget,status
0.0,0.00041675349125180894,0.0,2.752456267351988e-07,0.0,2b72d961895975a102576ea612c8d6af1fd33f40ba30aefa1fd6aefe8b9d0249,0.9379141276806182,0.879682910902895,"{""100_to_200"": {""absolute_squared_residual_reduction"": 0.0, ""relative_squared_residual_reduction"": 0.0}, ""10_to_25"": {""absolute_squared_residual_reduction"": 0.00041675349125180894, ""relative_squared_residual_reduction"": 0.0004737542199427958}, ""200_to_400"": {""absolute_squared_residual_reduction"": 0.0, ""relative_squared_residual_reduction"": 0.0}, ""25_to_50"": {""absolute_squared_residual_reduction"": 2.752456267351988e-07, ""relative_squared_residual_reduction"": 3.1304016925370864e-07}, ""50_to_100"": {""absolute_squared_residual_reduction"": 0.0, ""relative_squared_residual_reduction"": 0.0}}",1e-05,synthetic,True,9.652173913043478,completed_requested_budget_iteration_history_unavailable,0.019498249981552362,288,6x4x3x3,"{""deterministic"": true, ""seed"": 0, ""torch_deterministic_algorithms"": ""warn_only""}",cpu,,0.1769724797051644,2b72d961895975a102576ea612c8d6af1fd33f40ba30aefa1fd6aefe8b9d0249,sha256:2b72d961895975a102576ea612c8d6af1fd33f40ba30aefa1fd6aefe8b9d0249,True,independent_zero_iteration_probe_matches_factors_captured_from_actual_fit,random,10,400,0.7027104311977306,cp,smallnet_hybrid_memory_bounded_mttkrp,0,2,torch.float32,0.6896988807618406,23,0.1036036036036036,1,0.0,0.0004740671118079483,0.0004737542199427958,0.0,3.1304016925370864e-07,0.0,0.0004740671118079483,0,10,completed
0.0,0.00041675349125180894,0.0,2.752456267351988e-07,0.0,2b72d961895975a102576ea612c8d6af1fd33f40ba30aefa1fd6aefe8b9d0249,0.9376919309728773,0.8792661574116432,"{""100_to_200"": {""absolute_squared_residual_reduction"": 0.0, ""relative_squared_residual_reduction"": 0.0}, ""10_to_25"": {""absolute_squared_residual_reduction"": 0.00041675349125180894, ""relative_squared_residual_reduction"": 0.0004737542199427958}, ""200_to_400"": {""absolute_squared_residual_reduction"": 0.0, ""relative_squared_residual_reduction"": 0.0}, ""25_to_50"": {""absolute_squared_residual_reduction"": 2.752456267351988e-07, ""relative_squared_residual_reduction"": 3.1304016925370864e-07}, ""50_to_100"": {""absolute_squared_residual_reduction"": 0.0, ""relative_squared_residual_reduction"": 0.0}}",1e-05,synthetic,True,9.652173913043478,completed_requested_budget_iteration_history_unavailable,0.008508208964485675,288,6x4x3x3,"{""deterministic"": true, ""seed"": 0, ""torch_deterministic_algorithms"": ""warn_only""}",cpu,,0.17655572621391258,2b72d961895975a102576ea612c8d6af1fd33f40ba30aefa1fd6aefe8b9d0249,sha256:2b72d961895975a102576ea612c8d6af1fd33f40ba30aefa1fd6aefe8b9d0249,True,independent_zero_iteration_probe_matches_factors_captured_from_actual_fit,random,25,400,0.7027104311977306,cp,smallnet_hybrid_memory_bounded_mttkrp,0,2,torch.float32,0.6896988807618406,23,0.1036036036036036,1,0.0,0.0004740671118079483,0.0004737542199427958,0.0,3.1304016925370864e-07,0.0,0.0004740671118079483,0,10,completed
0.0,0.00041675349125180894,0.0,2.752456267351988e-07,0.0,2b72d961895975a102576ea612c8d6af1fd33f40ba30aefa1fd6aefe8b9d0249,0.9376917842052453,0.8792658821660164,"{""100_to_200"": {""absolute_squared_residual_reduction"": 0.0, ""relative_squared_residual_reduction"": 0.0}, ""10_to_25"": {""absolute_squared_residual_reduction"": 0.00041675349125180894, ""relative_squared_residual_reduction"": 0.0004737542199427958}, ""200_to_400"": {""absolute_squared_residual_reduction"": 0.0, ""relative_squared_residual_reduction"": 0.0}, ""25_to_50"": {""absolute_squared_residual_reduction"": 2.752456267351988e-07, ""relative_squared_residual_reduction"": 3.1304016925370864e-07}, ""50_to_100"": {""absolute_squared_residual_reduction"": 0.0, ""relative_squared_residual_reduction"": 0.0}}",1e-05,synthetic,True,9.652173913043478,completed_requested_budget_iteration_history_unavailable,0.009403667005244642,288,6x4x3x3,"{""deterministic"": true, ""seed"": 0, ""torch_deterministic_algorithms"": ""warn_only""}",cpu,,0.17655545096828584,2b72d961895975a102576ea612c8d6af1fd33f40ba30aefa1fd6aefe8b9d0249,sha256:2b72d961895975a102576ea612c8d6af1fd33f40ba30aefa1fd6aefe8b9d0249,True,independent_zero_iteration_probe_matches_factors_captured_from_actual_fit,random,50,400,0.7027104311977306,cp,smallnet_hybrid_memory_bounded_mttkrp,0,2,torch.float32,0.6896988807618406,23,0.1036036036036036,1,0.0,0.0004740671118079483,0.0004737542199427958,0.0,3.1304016925370864e-07,0.0,0.0004740671118079483,0,10,completed
0.0,0.00041675349125180894,0.0,2.752456267351988e-07,0.0,2b72d961895975a102576ea612c8d6af1fd33f40ba30aefa1fd6aefe8b9d0249,0.9376917842052453,0.8792658821660164,"{""100_to_200"": {""absolute_squared_residual_reduction"": 0.0, ""relative_squared_residual_reduction"": 0.0}, ""10_to_25"": {""absolute_squared_residual_reduction"": 0.00041675349125180894, ""relative_squared_residual_reduction"": 0.0004737542199427958}, ""200_to_400"": {""absolute_squared_residual_reduction"": 0.0, ""relative_squared_residual_reduction"": 0.0}, ""25_to_50"": {""absolute_squared_residual_reduction"": 2.752456267351988e-07, ""relative_squared_residual_reduction"": 3.1304016925370864e-07}, ""50_to_100"": {""absolute_squared_residual_reduction"": 0.0, ""relative_squared_residual_reduction"": 0.0}}",1e-05,synthetic,True,9.652173913043478,completed_requested_budget_iteration_history_unavailable,0.009449834004044533,288,6x4x3x3,"{""deterministic"": true, ""seed"": 0, ""torch_deterministic_algorithms"": ""warn_only""}",cpu,,0.17655545096828584,2b72d961895975a102576ea612c8d6af1fd33f40ba30aefa1fd6aefe8b9d0249,sha256:2b72d961895975a102576ea612c8d6af1fd33f40ba30aefa1fd6aefe8b9d0249,True,independent_zero_iteration_probe_matches_factors_captured_from_actual_fit,random,100,400,0.7027104311977306,cp,smallnet_hybrid_memory_bounded_mttkrp,0,2,torch.float32,0.6896988807618406,23,0.1036036036036036,1,0.0,0.0004740671118079483,0.0004737542199427958,0.0,3.1304016925370864e-07,0.0,0.0004740671118079483,0,10,completed
0.0,0.00041675349125180894,0.0,2.752456267351988e-07,0.0,2b72d961895975a102576ea612c8d6af1fd33f40ba30aefa1fd6aefe8b9d0249,0.9376917842052453,0.8792658821660164,"{""100_to_200"": {""absolute_squared_residual_reduction"": 0.0, ""relative_squared_residual_reduction"": 0.0}, ""10_to_25"": {""absolute_squared_residual_reduction"": 0.00041675349125180894, ""relative_squared_residual_reduction"": 0.0004737542199427958}, ""200_to_400"": {""absolute_squared_residual_reduction"": 0.0, ""relative_squared_residual_reduction"": 0.0}, ""25_to_50"": {""absolute_squared_residual_reduction"": 2.752456267351988e-07, ""relative_squared_residual_reduction"": 3.1304016925370864e-07}, ""50_to_100"": {""absolute_squared_residual_reduction"": 0.0, ""relative_squared_residual_reduction"": 0.0}}",1e-05,synthetic,True,9.652173913043478,completed_requested_budget_iteration_history_unavailable,0.03498816699720919,288,6x4x3x3,"{""deterministic"": true, ""seed"": 0, ""torch_deterministic_algorithms"": ""warn_only""}",cpu,,0.17655545096828584,2b72d961895975a102576ea612c8d6af1fd33f40ba30aefa1fd6aefe8b9d0249,sha256:2b72d961895975a102576ea612c8d6af1fd33f40ba30aefa1fd6aefe8b9d0249,True,independent_zero_iteration_probe_matches_factors_captured_from_actual_fit,random,200,400,0.7027104311977306,cp,smallnet_hybrid_memory_bounded_mttkrp,0,2,torch.float32,0.6896988807618406,23,0.1036036036036036,1,0.0,0.0004740671118079483,0.0004737542199427958,0.0,3.1304016925370864e-07,0.0,0.0004740671118079483,0,10,completed
0.0,0.00041675349125180894,0.0,2.752456267351988e-07,0.0,2b72d961895975a102576ea612c8d6af1fd33f40ba30aefa1fd6aefe8b9d0249,0.9376917842052453,0.8792658821660164,"{""100_to_200"": {""absolute_squared_residual_reduction"": 0.0, ""relative_squared_residual_reduction"": 0.0}, ""10_to_25"": {""absolute_squared_residual_reduction"": 0.00041675349125180894, ""relative_squared_residual_reduction"": 0.0004737542199427958}, ""200_to_400"": {""absolute_squared_residual_reduction"": 0.0, ""relative_squared_residual_reduction"": 0.0}, ""25_to_50"": {""absolute_squared_residual_reduction"": 2.752456267351988e-07, ""relative_squared_residual_reduction"": 3.1304016925370864e-07}, ""50_to_100"": {""absolute_squared_residual_reduction"": 0.0, ""relative_squared_residual_reduction"": 0.0}}",1e-05,synthetic,True,9.652173913043478,completed_requested_budget_iteration_history_unavailable,0.029172874987125397,288,6x4x3x3,"{""deterministic"": true, ""seed"": 0, ""torch_deterministic_algorithms"": ""warn_only""}",cpu,,0.17655545096828584,2b72d961895975a102576ea612c8d6af1fd33f40ba30aefa1fd6aefe8b9d0249,sha256:2b72d961895975a102576ea612c8d6af1fd33f40ba30aefa1fd6aefe8b9d0249,True,independent_zero_iteration_probe_matches_factors_captured_from_actual_fit,random,400,400,0.7027104311977306,cp,smallnet_hybrid_memory_bounded_mttkrp,0,2,torch.float32,0.6896988807618406,23,0.1036036036036036,1,0.0,0.0004740671118079483,0.0004737542199427958,0.0,3.1304016925370864e-07,0.0,0.0004740671118079483,0,10,completed
0.0,7.927444500843706e-07,0.0,0.0,0.0,3b892f7880209d923e8119f57a83032847639ce4b5a9312362f1e2d407a01712,0.9396022738560047,0.8828524330353744,"{""100_to_200"": {""absolute_squared_residual_reduction"": 0.0, ""relative_squared_residual_reduction"": 0.0}, ""10_to_25"": {""absolute_squared_residual_reduction"": 7.927444500843706e-07, ""relative_squared_residual_reduction"": 8.97935397152161e-07}, ""200_to_400"": {""absolute_squared_residual_reduction"": 0.0, ""relative_squared_residual_reduction"": 0.0}, ""25_to_50"": {""absolute_squared_residual_reduction"": 0.0, ""relative_squared_residual_reduction"": 0.0}, ""50_to_100"": {""absolute_squared_residual_reduction"": 0.0, ""relative_squared_residual_reduction"": 0.0}}",1e-05,synthetic,True,9.652173913043478,completed_requested_budget_iteration_history_unavailable,0.0035553749767132103,288,6x4x3x3,"{""deterministic"": true, ""seed"": 1, ""torch_deterministic_algorithms"": ""warn_only""}",cpu,,0.18014200183764384,3b892f7880209d923e8119f57a83032847639ce4b5a9312362f1e2d407a01712,sha256:3b892f7880209d923e8119f57a83032847639ce4b5a9312362f1e2d407a01712,True,independent_zero_iteration_probe_matches_factors_captured_from_actual_fit,random,10,400,0.7027104311977306,cp,smallnet_hybrid_memory_bounded_mttkrp,0,2,torch.float32,0.6896988807618406,23,0.1036036036036036,1,0.0,8.97935397152161e-07,8.97935397152161e-07,0.0,0.0,0.0,8.97935397152161e-07,1,10,completed
0.0,7.927444500843706e-07,0.0,0.0,0.0,3b892f7880209d923e8119f57a83032847639ce4b5a9312362f1e2d407a01712,0.9396018520048395,0.8828516402909243,"{""100_to_200"": {""absolute_squared_residual_reduction"": 0.0, ""relative_squared_residual_reduction"": 0.0}, ""10_to_25"": {""absolute_squared_residual_reduction"": 7.927444500843706e-07, ""relative_squared_residual_reduction"": 8.97935397152161e-07}, ""200_to_400"": {""absolute_squared_residual_reduction"": 0.0, ""relative_squared_residual_reduction"": 0.0}, ""25_to_50"": {""absolute_squared_residual_reduction"": 0.0, ""relative_squared_residual_reduction"": 0.0}, ""50_to_100"": {""absolute_squared_residual_reduction"": 0.0, ""relative_squared_residual_reduction"": 0.0}}",1e-05,synthetic,True,9.652173913043478,completed_requested_budget_iteration_history_unavailable,0.004991666006390005,288,6x4x3x3,"{""deterministic"": true, ""seed"": 1, ""torch_deterministic_algorithms"": ""warn_only""}",cpu,,0.18014120909319375,3b892f7880209d923e8119f57a83032847639ce4b5a9312362f1e2d407a01712,sha256:3b892f7880209d923e8119f57a83032847639ce4b5a9312362f1e2d407a01712,True,independent_zero_iteration_probe_matches_factors_captured_from_actual_fit,random,25,400,0.7027104311977306,cp,smallnet_hybrid_memory_bounded_mttkrp,0,2,torch.float32,0.6896988807618406,23,0.1036036036036036,1,0.0,8.97935397152161e-07,8.97935397152161e-07,0.0,0.0,0.0,8.97935397152161e-07,1,10,completed
0.0,7.927444500843706e-07,0.0,0.0,0.0,3b892f7880209d923e8119f57a83032847639ce4b5a9312362f1e2d407a01712,0.9396018520048395,0.8828516402909243,"{""100_to_200"": {""absolute_squared_residual_reduction"": 0.0, ""relative_squared_residual_reduction"": 0.0}, ""10_to_25"": {""absolute_squared_residual_reduction"": 7.927444500843706e-07, ""relative_squared_residual_reduction"": 8.97935397152161e-07}, ""200_to_400"": {""absolute_squared_residual_reduction"": 0.0, ""relative_squared_residual_reduction"": 0.0}, ""25_to_50"": {""absolute_squared_residual_reduction"": 0.0, ""relative_squared_residual_reduction"": 0.0}, ""50_to_100"": {""absolute_squared_residual_reduction"": 0.0, ""relative_squared_residual_reduction"": 0.0}}",1e-05,synthetic,True,9.652173913043478,completed_requested_budget_iteration_history_unavailable,0.006126041989773512,288,6x4x3x3,"{""deterministic"": true, ""seed"": 1, ""torch_deterministic_algorithms"": ""warn_only""}",cpu,,0.18014120909319375,3b892f7880209d923e8119f57a83032847639ce4b5a9312362f1e2d407a01712,sha256:3b892f7880209d923e8119f57a83032847639ce4b5a9312362f1e2d407a01712,True,independent_zero_iteration_probe_matches_factors_captured_from_actual_fit,random,50,400,0.7027104311977306,cp,smallnet_hybrid_memory_bounded_mttkrp,0,2,torch.float32,0.6896988807618406,23,0.1036036036036036,1,0.0,8.97935397152161e-07,8.97935397152161e-07,0.0,0.0,0.0,8.97935397152161e-07,1,10,completed
0.0,7.927444500843706e-07,0.0,0.0,0.0,3b892f7880209d923e8119f57a83032847639ce4b5a9312362f1e2d407a01712,0.9396018520048395,0.8828516402909243,"{""100_to_200"": {""absolute_squared_residual_reduction"": 0.0, ""relative_squared_residual_reduction"": 0.0}, ""10_to_25"": {""absolute_squared_residual_reduction"": 7.927444500843706e-07, ""relative_squared_residual_reduction"": 8.97935397152161e-07}, ""200_to_400"": {""absolute_squared_residual_reduction"": 0.0, ""relative_squared_residual_reduction"": 0.0}, ""25_to_50"": {""absolute_squared_residual_reduction"": 0.0, ""relative_squared_residual_reduction"": 0.0}, ""50_to_100"": {""absolute_squared_residual_reduction"": 0.0, ""relative_squared_residual_reduction"": 0.0}}",1e-05,synthetic,True,9.652173913043478,completed_requested_budget_iteration_history_unavailable,0.004689791006967425,288,6x4x3x3,"{""deterministic"": true, ""seed"": 1, ""torch_deterministic_algorithms"": ""warn_only""}",cpu,,0.18014120909319375,3b892f7880209d923e8119f57a83032847639ce4b5a9312362f1e2d407a01712,sha256:3b892f7880209d923e8119f57a83032847639ce4b5a9312362f1e2d407a01712,True,independent_zero_iteration_probe_matches_factors_captured_from_actual_fit,random,100,400,0.7027104311977306,cp,smallnet_hybrid_memory_bounded_mttkrp,0,2,torch.float32,0.6896988807618406,23,0.1036036036036036,1,0.0,8.97935397152161e-07,8.97935397152161e-07,0.0,0.0,0.0,8.97935397152161e-07,1,10,completed
0.0,7.927444500843706e-07,0.0,0.0,0.0,3b892f7880209d923e8119f57a83032847639ce4b5a9312362f1e2d407a01712,0.9396018520048395,0.8828516402909243,"{""100_to_200"": {""absolute_squared_residual_reduction"": 0.0, ""relative_squared_residual_reduction"": 0.0}, ""10_to_25"": {""absolute_squared_residual_reduction"": 7.927444500843706e-07, ""relative_squared_residual_reduction"": 8.97935397152161e-07}, ""200_to_400"": {""absolute_squared_residual_reduction"": 0.0, ""relative_squared_residual_reduction"": 0.0}, ""25_to_50"": {""absolute_squared_residual_reduction"": 0.0, ""relative_squared_residual_reduction"": 0.0}, ""50_to_100"": {""absolute_squared_residual_reduction"": 0.0, ""relative_squared_residual_reduction"": 0.0}}",1e-05,synthetic,True,9.652173913043478,completed_requested_budget_iteration_history_unavailable,0.0068087910185568035,288,6x4x3x3,"{""deterministic"": true, ""seed"": 1, ""torch_deterministic_algorithms"": ""warn_only""}",cpu,,0.18014120909319375,3b892f7880209d923e8119f57a83032847639ce4b5a9312362f1e2d407a01712,sha256:3b892f7880209d923e8119f57a83032847639ce4b5a9312362f1e2d407a01712,True,independent_zero_iteration_probe_matches_factors_captured_from_actual_fit,random,200,400,0.7027104311977306,cp,smallnet_hybrid_memory_bounded_mttkrp,0,2,torch.float32,0.6896988807618406,23,0.1036036036036036,1,0.0,8.97935397152161e-07,8.97935397152161e-07,0.0,0.0,0.0,8.97935397152161e-07,1,10,completed
0.0,7.927444500843706e-07,0.0,0.0,0.0,3b892f7880209d923e8119f57a83032847639ce4b5a9312362f1e2d407a01712,0.9396018520048395,0.8828516402909243,"{""100_to_200"": {""absolute_squared_residual_reduction"": 0.0, ""relative_squared_residual_reduction"": 0.0}, ""10_to_25"": {""absolute_squared_residual_reduction"": 7.927444500843706e-07, ""relative_squared_residual_reduction"": 8.97935397152161e-07}, ""200_to_400"": {""absolute_squared_residual_reduction"": 0.0, ""relative_squared_residual_reduction"": 0.0}, ""25_to_50"": {""absolute_squared_residual_reduction"": 0.0, ""relative_squared_residual_reduction"": 0.0}, ""50_to_100"": {""absolute_squared_residual_reduction"": 0.0, ""relative_squared_residual_reduction"": 0.0}}",1e-05,synthetic,True,9.652173913043478,completed_requested_budget_iteration_history_unavailable,0.021369167021475732,288,6x4x3x3,"{""deterministic"": true, ""seed"": 1, ""torch_deterministic_algorithms"": ""warn_only""}",cpu,,0.18014120909319375,3b892f7880209d923e8119f57a83032847639ce4b5a9312362f1e2d407a01712,sha256:3b892f7880209d923e8119f57a83032847639ce4b5a9312362f1e2d407a01712,True,independent_zero_iteration_probe_matches_factors_captured_from_actual_fit,random,400,400,0.7027104311977306,cp,smallnet_hybrid_memory_bounded_mttkrp,0,2,torch.float32,0.6896988807618406,23,0.1036036036036036,1,0.0,8.97935397152161e-07,8.97935397152161e-07,0.0,0.0,0.0,8.97935397152161e-07,1,10,completed
0.0,6.0808386365684974e-05,0.0,0.0,0.0,5c1bf5d9646f7a545c8f040b7759ea35d32b1d23890c0ee5ef87e154b3e54920,0.9396341938102315,0.8829124181774037,"{""100_to_200"": {""absolute_squared_residual_reduction"": 0.0, ""relative_squared_residual_reduction"": 0.0}, ""10_to_25"": {""absolute_squared_residual_reduction"": 6.0808386365684974e-05, ""relative_squared_residual_reduction"": 6.887250095678995e-05}, ""200_to_400"": {""absolute_squared_residual_reduction"": 0.0, ""relative_squared_residual_reduction"": 0.0}, ""25_to_50"": {""absolute_squared_residual_reduction"": 0.0, ""relative_squared_residual_reduction"": 0.0}, ""50_to_100"": {""absolute_squared_residual_reduction"": 0.0, ""relative_squared_residual_reduction"": 0.0}}",1e-05,synthetic,True,9.652173913043478,completed_requested_budget_iteration_history_unavailable,0.003652583051007241,288,6x4x3x3,"{""deterministic"": true, ""seed"": 2, ""torch_deterministic_algorithms"": ""warn_only""}",cpu,,0.18020198697967316,5c1bf5d9646f7a545c8f040b7759ea35d32b1d23890c0ee5ef87e154b3e54920,sha256:5c1bf5d9646f7a545c8f040b7759ea35d32b1d23890c0ee5ef87e154b3e54920,True,independent_zero_iteration_probe_matches_factors_captured_from_actual_fit,random,10,400,0.7027104311977306,cp,smallnet_hybrid_memory_bounded_mttkrp,0,2,torch.float32,0.6896988807618406,23,0.1036036036036036,1,0.0,6.887250095678995e-05,6.887250095678995e-05,0.0,0.0,0.0,6.887250095678995e-05,2,10,completed
0.0,6.0808386365684974e-05,0.0,0.0,0.0,5c1bf5d9646f7a545c8f040b7759ea35d32b1d23890c0ee5ef87e154b3e54920,0.9396018357746211,0.882851609791038,"{""100_to_200"": {""absolute_squared_residual_reduction"": 0.0, ""relative_squared_residual_reduction"": 0.0}, ""10_to_25"": {""absolute_squared_residual_reduction"": 6.0808386365684974e-05, ""relative_squared_residual_reduction"": 6.887250095678995e-05}, ""200_to_400"": {""absolute_squared_residual_reduction"": 0.0, ""relative_squared_residual_reduction"": 0.0}, ""25_to_50"": {""absolute_squared_residual_reduction"": 0.0, ""relative_squared_residual_reduction"": 0.0}, ""50_to_100"": {""absolute_squared_residual_reduction"": 0.0, ""relative_squared_residual_reduction"": 0.0}}",1e-05,synthetic,True,9.652173913043478,completed_requested_budget_iteration_history_unavailable,0.007111791986972094,288,6x4x3x3,"{""deterministic"": true, ""seed"": 2, ""torch_deterministic_algorithms"": ""warn_only""}",cpu,,0.18014117859330747,5c1bf5d9646f7a545c8f040b7759ea35d32b1d23890c0ee5ef87e154b3e54920,sha256:5c1bf5d9646f7a545c8f040b7759ea35d32b1d23890c0ee5ef87e154b3e54920,True,independent_zero_iteration_probe_matches_factors_captured_from_actual_fit,random,25,400,0.7027104311977306,cp,smallnet_hybrid_memory_bounded_mttkrp,0,2,torch.float32,0.6896988807618406,23,0.1036036036036036,1,0.0,6.887250095678995e-05,6.887250095678995e-05,0.0,0.0,0.0,6.887250095678995e-05,2,10,completed
0.0,6.0808386365684974e-05,0.0,0.0,0.0,5c1bf5d9646f7a545c8f040b7759ea35d32b1d23890c0ee5ef87e154b3e54920,0.9396018357746211,0.882851609791038,"{""100_to_200"": {""absolute_squared_residual_reduction"": 0.0, ""relative_squared_residual_reduction"": 0.0}, ""10_to_25"": {""absolute_squared_residual_reduction"": 6.0808386365684974e-05, ""relative_squared_residual_reduction"": 6.887250095678995e-05}, ""200_to_400"": {""absolute_squared_residual_reduction"": 0.0, ""relative_squared_residual_reduction"": 0.0}, ""25_to_50"": {""absolute_squared_residual_reduction"": 0.0, ""relative_squared_residual_reduction"": 0.0}, ""50_to_100"": {""absolute_squared_residual_reduction"": 0.0, ""relative_squared_residual_reduction"": 0.0}}",1e-05,synthetic,True,9.652173913043478,completed_requested_budget_iteration_history_unavailable,0.018332457984797657,288,6x4x3x3,"{""deterministic"": true, ""seed"": 2, ""torch_deterministic_algorithms"": ""warn_only""}",cpu,,0.18014117859330747,5c1bf5d9646f7a545c8f040b7759ea35d32b1d23890c0ee5ef87e154b3e54920,sha256:5c1bf5d9646f7a545c8f040b7759ea35d32b1d23890c0ee5ef87e154b3e54920,True,independent_zero_iteration_probe_matches_factors_captured_from_actual_fit,random,50,400,0.7027104311977306,cp,smallnet_hybrid_memory_bounded_mttkrp,0,2,torch.float32,0.6896988807618406,23,0.1036036036036036,1,0.0,6.887250095678995e-05,6.887250095678995e-05,0.0,0.0,0.0,6.887250095678995e-05,2,10,completed
0.0,6.0808386365684974e-05,0.0,0.0,0.0,5c1bf5d9646f7a545c8f040b7759ea35d32b1d23890c0ee5ef87e154b3e54920,0.9396018357746211,0.882851609791038,"{""100_to_200"": {""absolute_squared_residual_reduction"": 0.0, ""relative_squared_residual_reduction"": 0.0}, ""10_to_25"": {""absolute_squared_residual_reduction"": 6.0808386365684974e-05, ""relative_squared_residual_reduction"": 6.887250095678995e-05}, ""200_to_400"": {""absolute_squared_residual_reduction"": 0.0, ""relative_squared_residual_reduction"": 0.0}, ""25_to_50"": {""absolute_squared_residual_reduction"": 0.0, ""relative_squared_residual_reduction"": 0.0}, ""50_to_100"": {""absolute_squared_residual_reduction"": 0.0, ""relative_squared_residual_reduction"": 0.0}}",1e-05,synthetic,True,9.652173913043478,completed_requested_budget_iteration_history_unavailable,0.0073064169846475124,288,6x4x3x3,"{""deterministic"": true, ""seed"": 2, ""torch_deterministic_algorithms"": ""warn_only""}",cpu,,0.18014117859330747,5c1bf5d9646f7a545c8f040b7759ea35d32b1d23890c0ee5ef87e154b3e54920,sha256:5c1bf5d9646f7a545c8f040b7759ea35d32b1d23890c0ee5ef87e154b3e54920,True,independent_zero_iteration_probe_matches_factors_captured_from_actual_fit,random,100,400,0.7027104311977306,cp,smallnet_hybrid_memory_bounded_mttkrp,0,2,torch.float32,0.6896988807618406,23,0.1036036036036036,1,0.0,6.887250095678995e-05,6.887250095678995e-05,0.0,0.0,0.0,6.887250095678995e-05,2,10,completed
0.0,6.0808386365684974e-05,0.0,0.0,0.0,5c1bf5d9646f7a545c8f040b7759ea35d32b1d23890c0ee5ef87e154b3e54920,0.9396018357746211,0.882851609791038,"{""100_to_200"": {""absolute_squared_residual_reduction"": 0.0, ""relative_squared_residual_reduction"": 0.0}, ""10_to_25"": {""absolute_squared_residual_reduction"": 6.0808386365684974e-05, ""relative_squared_residual_reduction"": 6.887250095678995e-05}, ""200_to_400"": {""absolute_squared_residual_reduction"": 0.0, ""relative_squared_residual_reduction"": 0.0}, ""25_to_50"": {""absolute_squared_residual_reduction"": 0.0, ""relative_squared_residual_reduction"": 0.0}, ""50_to_100"": {""absolute_squared_residual_reduction"": 0.0, ""relative_squared_residual_reduction"": 0.0}}",1e-05,synthetic,True,9.652173913043478,completed_requested_budget_iteration_history_unavailable,0.023901000036858022,288,6x4x3x3,"{""deterministic"": true, ""seed"": 2, ""torch_deterministic_algorithms"": ""warn_only""}",cpu,,0.18014117859330747,5c1bf5d9646f7a545c8f040b7759ea35d32b1d23890c0ee5ef87e154b3e54920,sha256:5c1bf5d9646f7a545c8f040b7759ea35d32b1d23890c0ee5ef87e154b3e54920,True,independent_zero_iteration_probe_matches_factors_captured_from_actual_fit,random,200,400,0.7027104311977306,cp,smallnet_hybrid_memory_bounded_mttkrp,0,2,torch.float32,0.6896988807618406,23,0.1036036036036036,1,0.0,6.887250095678995e-05,6.887250095678995e-05,0.0,0.0,0.0,6.887250095678995e-05,2,10,completed
0.0,6.0808386365684974e-05,0.0,0.0,0.0,5c1bf5d9646f7a545c8f040b7759ea35d32b1d23890c0ee5ef87e154b3e54920,0.9396018357746211,0.882851609791038,"{""100_to_200"": {""absolute_squared_residual_reduction"": 0.0, ""relative_squared_residual_reduction"": 0.0}, ""10_to_25"": {""absolute_squared_residual_reduction"": 6.0808386365684974e-05, ""relative_squared_residual_reduction"": 6.887250095678995e-05}, ""200_to_400"": {""absolute_squared_residual_reduction"": 0.0, ""relative_squared_residual_reduction"": 0.0}, ""25_to_50"": {""absolute_squared_residual_reduction"": 0.0, ""relative_squared_residual_reduction"": 0.0}, ""50_to_100"": {""absolute_squared_residual_reduction"": 0.0, ""relative_squared_residual_reduction"": 0.0}}",1e-05,synthetic,True,9.652173913043478,completed_requested_budget_iteration_history_unavailable,0.01759008300723508,288,6x4x3x3,"{""deterministic"": true, ""seed"": 2, ""torch_deterministic_algorithms"": ""warn_only""}",cpu,,0.18014117859330747,5c1bf5d9646f7a545c8f040b7759ea35d32b1d23890c0ee5ef87e154b3e54920,sha256:5c1bf5d9646f7a545c8f040b7759ea35d32b1d23890c0ee5ef87e154b3e54920,True,independent_zero_iteration_probe_matches_factors_captured_from_actual_fit,random,400,400,0.7027104311977306,cp,smallnet_hybrid_memory_bounded_mttkrp,0,2,torch.float32,0.6896988807618406,23,0.1036036036036036,1,0.0,6.887250095678995e-05,6.887250095678995e-05,0.0,0.0,0.0,6.887250095678995e-05,2,10,completed
0.0,0.016939068232779686,0.0,0.019720838099028137,4.6625851064519e-06,2c3a2d83a92e3f51c06edc5a5cf41cf433d02d292561bc2e17cf6ed93c933ddc,0.8904333811235293,0.7928716062190805,"{""100_to_200"": {""absolute_squared_residual_reduction"": 0.0, ""relative_squared_residual_reduction"": 0.0}, ""10_to_25"": {""absolute_squared_residual_reduction"": 0.016939068232779686, ""relative_squared_residual_reduction"": 0.021364200836445652}, ""200_to_400"": {""absolute_squared_residual_reduction"": 0.0, ""relative_squared_residual_reduction"": 0.0}, ""25_to_50"": {""absolute_squared_residual_reduction"": 0.019720838099028137, ""relative_squared_residual_reduction"": 0.025415660683862584}, ""50_to_100"": {""absolute_squared_residual_reduction"": 4.6625851064519e-06, ""relative_squared_residual_reduction"": 6.165714054869747e-06}}",1e-05,synthetic,True,5.55,completed_requested_budget_iteration_history_unavailable,0.005103792005684227,576,6x4x3x3,"{""deterministic"": true, ""seed"": 0, ""torch_deterministic_algorithms"": ""warn_only""}",cpu,,0.33449470654008506,2c3a2d83a92e3f51c06edc5a5cf41cf433d02d292561bc2e17cf6ed93c933ddc,sha256:2c3a2d83a92e3f51c06edc5a5cf41cf433d02d292561bc2e17cf6ed93c933ddc,True,independent_zero_iteration_probe_matches_factors_captured_from_actual_fit,random,10,400,0.4583768996789954,cp,smallnet_hybrid_memory_bounded_mttkrp,0,2,torch.float32,0.4583768996789954,40,0.18018018018018017,2,0.0,0.04624275687176442,0.021364200836445652,0.0,0.025415660683862584,6.165714054869747e-06,0.04624275687176442,0,10,completed
0.0,0.016939068232779686,0.0,0.019720838099028137,4.6625851064519e-06,2c3a2d83a92e3f51c06edc5a5cf41cf433d02d292561bc2e17cf6ed93c933ddc,0.8808703298365207,0.7759325379863008,"{""100_to_200"": {""absolute_squared_residual_reduction"": 0.0, ""relative_squared_residual_reduction"": 0.0}, ""10_to_25"": {""absolute_squared_residual_reduction"": 0.016939068232779686, ""relative_squared_residual_reduction"": 0.021364200836445652}, ""200_to_400"": {""absolute_squared_residual_reduction"": 0.0, ""relative_squared_residual_reduction"": 0.0}, ""25_to_50"": {""absolute_squared_residual_reduction"": 0.019720838099028137, ""relative_squared_residual_reduction"": 0.025415660683862584}, ""50_to_100"": {""absolute_squared_residual_reduction"": 4.6625851064519e-06, ""relative_squared_residual_reduction"": 6.165714054869747e-06}}",1e-05,synthetic,True,5.55,completed_requested_budget_iteration_history_unavailable,0.009191832970827818,576,6x4x3x3,"{""deterministic"": true, ""seed"": 0, ""torch_deterministic_algorithms"": ""warn_only""}",cpu,,0.3175556383073054,2c3a2d83a92e3f51c06edc5a5cf41cf433d02d292561bc2e17cf6ed93c933ddc,sha256:2c3a2d83a92e3f51c06edc5a5cf41cf433d02d292561bc2e17cf6ed93c933ddc,True,independent_zero_iteration_probe_matches_factors_captured_from_actual_fit,random,25,400,0.4583768996789954,cp,smallnet_hybrid_memory_bounded_mttkrp,0,2,torch.float32,0.4583768996789954,40,0.18018018018018017,2,0.0,0.04624275687176442,0.021364200836445652,0.0,0.025415660683862584,6.165714054869747e-06,0.04624275687176442,0,10,completed
0.0,0.016939068232779686,0.0,0.019720838099028137,4.6625851064519e-06,2c3a2d83a92e3f51c06edc5a5cf41cf433d02d292561bc2e17cf6ed93c933ddc,0.8696043352509649,0.7562116998872727,"{""100_to_200"": {""absolute_squared_residual_reduction"": 0.0, ""relative_squared_residual_reduction"": 0.0}, ""10_to_25"": {""absolute_squared_residual_reduction"": 0.016939068232779686, ""relative_squared_residual_reduction"": 0.021364200836445652}, ""200_to_400"": {""absolute_squared_residual_reduction"": 0.0, ""relative_squared_residual_reduction"": 0.0}, ""25_to_50"": {""absolute_squared_residual_reduction"": 0.019720838099028137, ""relative_squared_residual_reduction"": 0.025415660683862584}, ""50_to_100"": {""absolute_squared_residual_reduction"": 4.6625851064519e-06, ""relative_squared_residual_reduction"": 6.165714054869747e-06}}",1e-05,synthetic,True,5.55,completed_requested_budget_iteration_history_unavailable,0.01729820901528001,576,6x4x3x3,"{""deterministic"": true, ""seed"": 0, ""torch_deterministic_algorithms"": ""warn_only""}",cpu,,0.29783480020827724,2c3a2d83a92e3f51c06edc5a5cf41cf433d02d292561bc2e17cf6ed93c933ddc,sha256:2c3a2d83a92e3f51c06edc5a5cf41cf433d02d292561bc2e17cf6ed93c933ddc,True,independent_zero_iteration_probe_matches_factors_captured_from_actual_fit,random,50,400,0.4583768996789954,cp,smallnet_hybrid_memory_bounded_mttkrp,0,2,torch.float32,0.4583768996789954,40,0.18018018018018017,2,0.0,0.04624275687176442,0.021364200836445652,0.0,0.025415660683862584,6.165714054869747e-06,0.04624275687176442,0,10,completed
0.0,0.016939068232779686,0.0,0.019720838099028137,4.6625851064519e-06,2c3a2d83a92e3f51c06edc5a5cf41cf433d02d292561bc2e17cf6ed93c933ddc,0.8696016543809966,0.7562070373021662,"{""100_to_200"": {""absolute_squared_residual_reduction"": 0.0, ""relative_squared_residual_reduction"": 0.0}, ""10_to_25"": {""absolute_squared_residual_reduction"": 0.016939068232779686, ""relative_squared_residual_reduction"": 0.021364200836445652}, ""200_to_400"": {""absolute_squared_residual_reduction"": 0.0, ""relative_squared_residual_reduction"": 0.0}, ""25_to_50"": {""absolute_squared_residual_reduction"": 0.019720838099028137, ""relative_squared_residual_reduction"": 0.025415660683862584}, ""50_to_100"": {""absolute_squared_residual_reduction"": 4.6625851064519e-06, ""relative_squared_residual_reduction"": 6.165714054869747e-06}}",1e-05,synthetic,True,5.55,completed_requested_budget_iteration_history_unavailable,0.029434500029310584,576,6x4x3x3,"{""deterministic"": true, ""seed"": 0, ""torch_deterministic_algorithms"": ""warn_only""}",cpu,,0.2978301376231708,2c3a2d83a92e3f51c06edc5a5cf41cf433d02d292561bc2e17cf6ed93c933ddc,sha256:2c3a2d83a92e3f51c06edc5a5cf41cf433d02d292561bc2e17cf6ed93c933ddc,True,independent_zero_iteration_probe_matches_factors_captured_from_actual_fit,random,100,400,0.4583768996789954,cp,smallnet_hybrid_memory_bounded_mttkrp,0,2,torch.float32,0.4583768996789954,40,0.18018018018018017,2,0.0,0.04624275687176442,0.021364200836445652,0.0,0.025415660683862584,6.165714054869747e-06,0.04624275687176442,0,10,completed
0.0,0.016939068232779686,0.0,0.019720838099028137,4.6625851064519e-06,2c3a2d83a92e3f51c06edc5a5cf41cf433d02d292561bc2e17cf6ed93c933ddc,0.8696016543809966,0.7562070373021662,"{""100_to_200"": {""absolute_squared_residual_reduction"": 0.0, ""relative_squared_residual_reduction"": 0.0}, ""10_to_25"": {""absolute_squared_residual_reduction"": 0.016939068232779686, ""relative_squared_residual_reduction"": 0.021364200836445652}, ""200_to_400"": {""absolute_squared_residual_reduction"": 0.0, ""relative_squared_residual_reduction"": 0.0}, ""25_to_50"": {""absolute_squared_residual_reduction"": 0.019720838099028137, ""relative_squared_residual_reduction"": 0.025415660683862584}, ""50_to_100"": {""absolute_squared_residual_reduction"": 4.6625851064519e-06, ""relative_squared_residual_reduction"": 6.165714054869747e-06}}",1e-05,synthetic,True,5.55,completed_requested_budget_iteration_history_unavailable,0.026084290992002934,576,6x4x3x3,"{""deterministic"": true, ""seed"": 0, ""torch_deterministic_algorithms"": ""warn_only""}",cpu,,0.2978301376231708,2c3a2d83a92e3f51c06edc5a5cf41cf433d02d292561bc2e17cf6ed93c933ddc,sha256:2c3a2d83a92e3f51c06edc5a5cf41cf433d02d292561bc2e17cf6ed93c933ddc,True,independent_zero_iteration_probe_matches_factors_captured_from_actual_fit,random,200,400,0.4583768996789954,cp,smallnet_hybrid_memory_bounded_mttkrp,0,2,torch.float32,0.4583768996789954,40,0.18018018018018017,2,0.0,0.04624275687176442,0.021364200836445652,0.0,0.025415660683862584,6.165714054869747e-06,0.04624275687176442,0,10,completed
0.0,0.016939068232779686,0.0,0.019720838099028137,4.6625851064519e-06,2c3a2d83a92e3f51c06edc5a5cf41cf433d02d292561bc2e17cf6ed93c933ddc,0.8696016543809966,0.7562070373021662,"{""100_to_200"": {""absolute_squared_residual_reduction"": 0.0, ""relative_squared_residual_reduction"": 0.0}, ""10_to_25"": {""absolute_squared_residual_reduction"": 0.016939068232779686, ""relative_squared_residual_reduction"": 0.021364200836445652}, ""200_to_400"": {""absolute_squared_residual_reduction"": 0.0, ""relative_squared_residual_reduction"": 0.0}, ""25_to_50"": {""absolute_squared_residual_reduction"": 0.019720838099028137, ""relative_squared_residual_reduction"": 0.025415660683862584}, ""50_to_100"": {""absolute_squared_residual_reduction"": 4.6625851064519e-06, ""relative_squared_residual_reduction"": 6.165714054869747e-06}}",1e-05,synthetic,True,5.55,completed_requested_budget_iteration_history_unavailable,0.024049291969276965,576,6x4x3x3,"{""deterministic"": true, ""seed"": 0, ""torch_deterministic_algorithms"": ""warn_only""}",cpu,,0.2978301376231708,2c3a2d83a92e3f51c06edc5a5cf41cf433d02d292561bc2e17cf6ed93c933ddc,sha256:2c3a2d83a92e3f51c06edc5a5cf41cf433d02d292561bc2e17cf6ed93c933ddc,True,independent_zero_iteration_probe_matches_factors_captured_from_actual_fit,random,400,400,0.4583768996789954,cp,smallnet_hybrid_memory_bounded_mttkrp,0,2,torch.float32,0.4583768996789954,40,0.18018018018018017,2,0.0,0.04624275687176442,0.021364200836445652,0.0,0.025415660683862584,6.165714054869747e-06,0.04624275687176442,0,10,completed
3.5150634637437506e-06,0.0002204700695105366,0.0,6.786497044519724e-05,2.9149124513239144e-05,441ee0fb529296f45767b3aa899c08e994ac0712ec5ccfafccedc10fa9ce9ea4,0.879626015980153,0.7737419279891163,"{""100_to_200"": {""absolute_squared_residual_reduction"": 3.5150634637437506e-06, ""relative_squared_residual_reduction"": 4.544805238326155e-06}, ""10_to_25"": {""absolute_squared_residual_reduction"": 0.0002204700695105366, ""relative_squared_residual_reduction"": 0.00028494005757645567}, ""200_to_400"": {""absolute_squared_residual_reduction"": 0.0, ""relative_squared_residual_reduction"": 0.0}, ""25_to_50"": {""absolute_squared_residual_reduction"": 6.786497044519724e-05, ""relative_squared_residual_reduction"": 8.773508446387615e-05}, ""50_to_100"": {""absolute_squared_residual_reduction"": 2.9149124513239144e-05, ""relative_squared_residual_reduction"": 3.7686972791857116e-05}}",1e-05,synthetic,True,5.55,completed_requested_budget_iteration_history_unavailable,0.008087833994068205,576,6x4x3x3,"{""deterministic"": true, ""seed"": 1, ""torch_deterministic_algorithms"": ""warn_only""}",cpu,,0.3153650283101209,441ee0fb529296f45767b3aa899c08e994ac0712ec5ccfafccedc10fa9ce9ea4,sha256:441ee0fb529296f45767b3aa899c08e994ac0712ec5ccfafccedc10fa9ce9ea4,True,independent_zero_iteration_probe_matches_factors_captured_from_actual_fit,random,10,400,0.4583768996789954,cp,smallnet_hybrid_memory_bounded_mttkrp,0,2,torch.float32,0.4583768996789954,40,0.18018018018018017,2,4.544805238326155e-06,0.0004103230715363777,0.00028494005757645567,0.0,8.773508446387615e-05,3.7686972791857116e-05,0.0004148660119362589,1,10,completed
3.5150634637437506e-06,0.0002204700695105366,0.0,6.786497044519724e-05,2.9149124513239144e-05,441ee0fb529296f45767b3aa899c08e994ac0712ec5ccfafccedc10fa9ce9ea4,0.8795006867078649,0.7735214579196058,"{""100_to_200"": {""absolute_squared_residual_reduction"": 3.5150634637437506e-06, ""relative_squared_residual_reduction"": 4.544805238326155e-06}, ""10_to_25"": {""absolute_squared_residual_reduction"": 0.0002204700695105366, ""relative_squared_residual_reduction"": 0.00028494005757645567}, ""200_to_400"": {""absolute_squared_residual_reduction"": 0.0, ""relative_squared_residual_reduction"": 0.0}, ""25_to_50"": {""absolute_squared_residual_reduction"": 6.786497044519724e-05, ""relative_squared_residual_reduction"": 8.773508446387615e-05}, ""50_to_100"": {""absolute_squared_residual_reduction"": 2.9149124513239144e-05, ""relative_squared_residual_reduction"": 3.7686972791857116e-05}}",1e-05,synthetic,True,5.55,completed_requested_budget_iteration_history_unavailable,0.009529790957458317,576,6x4x3x3,"{""deterministic"": true, ""seed"": 1, ""torch_deterministic_algorithms"": ""warn_only""}",cpu,,0.3151445582406104,441ee0fb529296f45767b3aa899c08e994ac0712ec5ccfafccedc10fa9ce9ea4,sha256:441ee0fb529296f45767b3aa899c08e994ac0712ec5ccfafccedc10fa9ce9ea4,True,independent_zero_iteration_probe_matches_factors_captured_from_actual_fit,random,25,400,0.4583768996789954,cp,smallnet_hybrid_memory_bounded_mttkrp,0,2,torch.float32,0.4583768996789954,40,0.18018018018018017,2,4.544805238326155e-06,0.0004103230715363777,0.00028494005757645567,0.0,8.773508446387615e-05,3.7686972791857116e-05,0.0004148660119362589,1,10,completed
3.5150634637437506e-06,0.0002204700695105366,0.0,6.786497044519724e-05,2.9149124513239144e-05,441ee0fb529296f45767b3aa899c08e994ac0712ec5ccfafccedc10fa9ce9ea4,0.879462104328072,0.7734535929491606,"{""100_to_200"": {""absolute_squared_residual_reduction"": 3.5150634637437506e-06, ""relative_squared_residual_reduction"": 4.544805238326155e-06}, ""10_to_25"": {""absolute_squared_residual_reduction"": 0.0002204700695105366, ""relative_squared_residual_reduction"": 0.00028494005757645567}, ""200_to_400"": {""absolute_squared_residual_reduction"": 0.0, ""relative_squared_residual_reduction"": 0.0}, ""25_to_50"": {""absolute_squared_residual_reduction"": 6.786497044519724e-05, ""relative_squared_residual_reduction"": 8.773508446387615e-05}, ""50_to_100"": {""absolute_squared_residual_reduction"": 2.9149124513239144e-05, ""relative_squared_residual_reduction"": 3.7686972791857116e-05}}",1e-05,synthetic,True,5.55,completed_requested_budget_iteration_history_unavailable,0.01849808299448341,576,6x4x3x3,"{""deterministic"": true, ""seed"": 1, ""torch_deterministic_algorithms"": ""warn_only""}",cpu,,0.3150766932701652,441ee0fb529296f45767b3aa899c08e994ac0712ec5ccfafccedc10fa9ce9ea4,sha256:441ee0fb529296f45767b3aa899c08e994ac0712ec5ccfafccedc10fa9ce9ea4,True,independent_zero_iteration_probe_matches_factors_captured_from_actual_fit,random,50,400,0.4583768996789954,cp,smallnet_hybrid_memory_bounded_mttkrp,0,2,torch.float32,0.4583768996789954,40,0.18018018018018017,2,4.544805238326155e-06,0.0004103230715363777,0.00028494005757645567,0.0,8.773508446387615e-05,3.7686972791857116e-05,0.0004148660119362589,1,10,completed
3.5150634637437506e-06,0.0002204700695105366,0.0,6.786497044519724e-05,2.9149124513239144e-05,441ee0fb529296f45767b3aa899c08e994ac0712ec5ccfafccedc10fa9ce9ea4,0.8794455320397321,0.7734244438246474,"{""100_to_200"": {""absolute_squared_residual_reduction"": 3.5150634637437506e-06, ""relative_squared_residual_reduction"": 4.544805238326155e-06}, ""10_to_25"": {""absolute_squared_residual_reduction"": 0.0002204700695105366, ""relative_squared_residual_reduction"": 0.00028494005757645567}, ""200_to_400"": {""absolute_squared_residual_reduction"": 0.0, ""relative_squared_residual_reduction"": 0.0}, ""25_to_50"": {""absolute_squared_residual_reduction"": 6.786497044519724e-05, ""relative_squared_residual_reduction"": 8.773508446387615e-05}, ""50_to_100"": {""absolute_squared_residual_reduction"": 2.9149124513239144e-05, ""relative_squared_residual_reduction"": 3.7686972791857116e-05}}",1e-05,synthetic,True,5.55,completed_requested_budget_iteration_history_unavailable,0.03557675000047311,576,6x4x3x3,"{""deterministic"": true, ""seed"": 1, ""torch_deterministic_algorithms"": ""warn_only""}",cpu,,0.31504754414565195,441ee0fb529296f45767b3aa899c08e994ac0712ec5ccfafccedc10fa9ce9ea4,sha256:441ee0fb529296f45767b3aa899c08e994ac0712ec5ccfafccedc10fa9ce9ea4,True,independent_zero_iteration_probe_matches_factors_captured_from_actual_fit,random,100,400,0.4583768996789954,cp,smallnet_hybrid_memory_bounded_mttkrp,0,2,torch.float32,0.4583768996789954,40,0.18018018018018017,2,4.544805238326155e-06,0.0004103230715363777,0.00028494005757645567,0.0,8.773508446387615e-05,3.7686972791857116e-05,0.0004148660119362589,1,10,completed
3.5150634637437506e-06,0.0002204700695105366,0.0,6.786497044519724e-05,2.9149124513239144e-05,441ee0fb529296f45767b3aa899c08e994ac0712ec5ccfafccedc10fa9ce9ea4,0.879443533583131,0.7734209287611836,"{""100_to_200"": {""absolute_squared_residual_reduction"": 3.5150634637437506e-06, ""relative_squared_residual_reduction"": 4.544805238326155e-06}, ""10_to_25"": {""absolute_squared_residual_reduction"": 0.0002204700695105366, ""relative_squared_residual_reduction"": 0.00028494005757645567}, ""200_to_400"": {""absolute_squared_residual_reduction"": 0.0, ""relative_squared_residual_reduction"": 0.0}, ""25_to_50"": {""absolute_squared_residual_reduction"": 6.786497044519724e-05, ""relative_squared_residual_reduction"": 8.773508446387615e-05}, ""50_to_100"": {""absolute_squared_residual_reduction"": 2.9149124513239144e-05, ""relative_squared_residual_reduction"": 3.7686972791857116e-05}}",1e-05,synthetic,True,5.55,completed_requested_budget_iteration_history_unavailable,0.10445929202251136,576,6x4x3x3,"{""deterministic"": true, ""seed"": 1, ""torch_deterministic_algorithms"": ""warn_only""}",cpu,,0.3150440290821882,441ee0fb529296f45767b3aa899c08e994ac0712ec5ccfafccedc10fa9ce9ea4,sha256:441ee0fb529296f45767b3aa899c08e994ac0712ec5ccfafccedc10fa9ce9ea4,True,independent_zero_iteration_probe_matches_factors_captured_from_actual_fit,random,200,400,0.4583768996789954,cp,smallnet_hybrid_memory_bounded_mttkrp,0,2,torch.float32,0.4583768996789954,40,0.18018018018018017,2,4.544805238326155e-06,0.0004103230715363777,0.00028494005757645567,0.0,8.773508446387615e-05,3.7686972791857116e-05,0.0004148660119362589,1,10,completed
3.5150634637437506e-06,0.0002204700695105366,0.0,6.786497044519724e-05,2.9149124513239144e-05,441ee0fb529296f45767b3aa899c08e994ac0712ec5ccfafccedc10fa9ce9ea4,0.879443533583131,0.7734209287611836,"{""100_to_200"": {""absolute_squared_residual_reduction"": 3.5150634637437506e-06, ""relative_squared_residual_reduction"": 4.544805238326155e-06}, ""10_to_25"": {""absolute_squared_residual_reduction"": 0.0002204700695105366, ""relative_squared_residual_reduction"": 0.00028494005757645567}, ""200_to_400"": {""absolute_squared_residual_reduction"": 0.0, ""relative_squared_residual_reduction"": 0.0}, ""25_to_50"": {""absolute_squared_residual_reduction"": 6.786497044519724e-05, ""relative_squared_residual_reduction"": 8.773508446387615e-05}, ""50_to_100"": {""absolute_squared_residual_reduction"": 2.9149124513239144e-05, ""relative_squared_residual_reduction"": 3.7686972791857116e-05}}",1e-05,synthetic,True,5.55,completed_requested_budget_iteration_history_unavailable,0.04458587500266731,576,6x4x3x3,"{""deterministic"": true, ""seed"": 1, ""torch_deterministic_algorithms"": ""warn_only""}",cpu,,0.3150440290821882,441ee0fb529296f45767b3aa899c08e994ac0712ec5ccfafccedc10fa9ce9ea4,sha256:441ee0fb529296f45767b3aa899c08e994ac0712ec5ccfafccedc10fa9ce9ea4,True,independent_zero_iteration_probe_matches_factors_captured_from_actual_fit,random,400,400,0.4583768996789954,cp,smallnet_hybrid_memory_bounded_mttkrp,0,2,torch.float32,0.4583768996789954,40,0.18018018018018017,2,4.544805238326155e-06,0.0004103230715363777,0.00028494005757645567,0.0,8.773508446387615e-05,3.7686972791857116e-05,0.0004148660119362589,1,10,completed
0.0,0.017857723857055974,0.0,0.03125012806732219,0.00010294622268791631,c8ff899b25fb71724cb2f0bceee0e86207b07c6e00a1ca25262f4925ec51bc76,0.8974505416557361,0.8054174747181742,"{""100_to_200"": {""absolute_squared_residual_reduction"": 0.0, ""relative_squared_residual_reduction"": 0.0}, ""10_to_25"": {""absolute_squared_residual_reduction"": 0.017857723857055974, ""relative_squared_residual_reduction"": 0.02217200944554204}, ""200_to_400"": {""absolute_squared_residual_reduction"": 0.0, ""relative_squared_residual_reduction"": 0.0}, ""25_to_50"": {""absolute_squared_residual_reduction"": 0.03125012806732219, ""relative_squared_residual_reduction"": 0.03967969164644751}, ""50_to_100"": {""absolute_squared_residual_reduction"": 0.00010294622268791631, ""relative_squared_residual_reduction"": 0.00013611650517896966}}",1e-05,synthetic,True,5.55,completed_requested_budget_iteration_history_unavailable,0.0038831669953651726,576,6x4x3x3,"{""deterministic"": true, ""seed"": 2, ""torch_deterministic_algorithms"": ""warn_only""}",cpu,,0.34704057503917873,c8ff899b25fb71724cb2f0bceee0e86207b07c6e00a1ca25262f4925ec51bc76,sha256:c8ff899b25fb71724cb2f0bceee0e86207b07c6e00a1ca25262f4925ec51bc76,True,independent_zero_iteration_probe_matches_factors_captured_from_actual_fit,random,10,400,0.4583768996789954,cp,smallnet_hybrid_memory_bounded_mttkrp,0,2,torch.float32,0.4583768996789954,40,0.18018018018018017,2,0.0,0.061099739814169746,0.02217200944554204,0.0,0.03967969164644751,0.00013611650517896966,0.061099739814169746,2,10,completed
0.0,0.017857723857055974,0.0,0.03125012806732219,0.00010294622268791631,c8ff899b25fb71724cb2f0bceee0e86207b07c6e00a1ca25262f4925ec51bc76,0.8874456326227078,0.7875597508611182,"{""100_to_200"": {""absolute_squared_residual_reduction"": 0.0, ""relative_squared_residual_reduction"": 0.0}, ""10_to_25"": {""absolute_squared_residual_reduction"": 0.017857723857055974, ""relative_squared_residual_reduction"": 0.02217200944554204}, ""200_to_400"": {""absolute_squared_residual_reduction"": 0.0, ""relative_squared_residual_reduction"": 0.0}, ""25_to_50"": {""absolute_squared_residual_reduction"": 0.03125012806732219, ""relative_squared_residual_reduction"": 0.03967969164644751}, ""50_to_100"": {""absolute_squared_residual_reduction"": 0.00010294622268791631, ""relative_squared_residual_reduction"": 0.00013611650517896966}}",1e-05,synthetic,True,5.55,completed_requested_budget_iteration_history_unavailable,0.009417042019777,576,6x4x3x3,"{""deterministic"": true, ""seed"": 2, ""torch_deterministic_algorithms"": ""warn_only""}",cpu,,0.32918285118212276,c8ff899b25fb71724cb2f0bceee0e86207b07c6e00a1ca25262f4925ec51bc76,sha256:c8ff899b25fb71724cb2f0bceee0e86207b07c6e00a1ca25262f4925ec51bc76,True,independent_zero_iteration_probe_matches_factors_captured_from_actual_fit,random,25,400,0.4583768996789954,cp,smallnet_hybrid_memory_bounded_mttkrp,0,2,torch.float32,0.4583768996789954,40,0.18018018018018017,2,0.0,0.061099739814169746,0.02217200944554204,0.0,0.03967969164644751,0.00013611650517896966,0.061099739814169746,2,10,completed
0.0,0.017857723857055974,0.0,0.03125012806732219,0.00010294622268791631,c8ff899b25fb71724cb2f0bceee0e86207b07c6e00a1ca25262f4925ec51bc76,0.8696606365668139,0.756309622793796,"{""100_to_200"": {""absolute_squared_residual_reduction"": 0.0, ""relative_squared_residual_reduction"": 0.0}, ""10_to_25"": {""absolute_squared_residual_reduction"": 0.017857723857055974, ""relative_squared_residual_reduction"": 0.02217200944554204}, ""200_to_400"": {""absolute_squared_residual_reduction"": 0.0, ""relative_squared_residual_reduction"": 0.0}, ""25_to_50"": {""absolute_squared_residual_reduction"": 0.03125012806732219, ""relative_squared_residual_reduction"": 0.03967969164644751}, ""50_to_100"": {""absolute_squared_residual_reduction"": 0.00010294622268791631, ""relative_squared_residual_reduction"": 0.00013611650517896966}}",1e-05,synthetic,True,5.55,completed_requested_budget_iteration_history_unavailable,0.021230667014606297,576,6x4x3x3,"{""deterministic"": true, ""seed"": 2, ""torch_deterministic_algorithms"": ""warn_only""}",cpu,,0.29793272311480057,c8ff899b25fb71724cb2f0bceee0e86207b07c6e00a1ca25262f4925ec51bc76,sha256:c8ff899b25fb71724cb2f0bceee0e86207b07c6e00a1ca25262f4925ec51bc76,True,independent_zero_iteration_probe_matches_factors_captured_from_actual_fit,random,50,400,0.4583768996789954,cp,smallnet_hybrid_memory_bounded_mttkrp,0,2,torch.float32,0.4583768996789954,40,0.18018018018018017,2,0.0,0.061099739814169746,0.02217200944554204,0.0,0.03967969164644751,0.00013611650517896966,0.061099739814169746,2,10,completed
0.0,0.017857723857055974,0.0,0.03125012806732219,0.00010294622268791631,c8ff899b25fb71724cb2f0bceee0e86207b07c6e00a1ca25262f4925ec51bc76,0.8696014469693045,0.7562066765711081,"{""100_to_200"": {""absolute_squared_residual_reduction"": 0.0, ""relative_squared_residual_reduction"": 0.0}, ""10_to_25"": {""absolute_squared_residual_reduction"": 0.017857723857055974, ""relative_squared_residual_reduction"": 0.02217200944554204}, ""200_to_400"": {""absolute_squared_residual_reduction"": 0.0, ""relative_squared_residual_reduction"": 0.0}, ""25_to_50"": {""absolute_squared_residual_reduction"": 0.03125012806732219, ""relative_squared_residual_reduction"": 0.03967969164644751}, ""50_to_100"": {""absolute_squared_residual_reduction"": 0.00010294622268791631, ""relative_squared_residual_reduction"": 0.00013611650517896966}}",1e-05,synthetic,True,5.55,completed_requested_budget_iteration_history_unavailable,0.043066666985396296,576,6x4x3x3,"{""deterministic"": true, ""seed"": 2, ""torch_deterministic_algorithms"": ""warn_only""}",cpu,,0.29782977689211265,c8ff899b25fb71724cb2f0bceee0e86207b07c6e00a1ca25262f4925ec51bc76,sha256:c8ff899b25fb71724cb2f0bceee0e86207b07c6e00a1ca25262f4925ec51bc76,True,independent_zero_iteration_probe_matches_factors_captured_from_actual_fit,random,100,400,0.4583768996789954,cp,smallnet_hybrid_memory_bounded_mttkrp,0,2,torch.float32,0.4583768996789954,40,0.18018018018018017,2,0.0,0.061099739814169746,0.02217200944554204,0.0,0.03967969164644751,0.00013611650517896966,0.061099739814169746,2,10,completed
0.0,0.017857723857055974,0.0,0.03125012806732219,0.00010294622268791631,c8ff899b25fb71724cb2f0bceee0e86207b07c6e00a1ca25262f4925ec51bc76,0.8696014469693045,0.7562066765711081,"{""100_to_200"": {""absolute_squared_residual_reduction"": 0.0, ""relative_squared_residual_reduction"": 0.0}, ""10_to_25"": {""absolute_squared_residual_reduction"": 0.017857723857055974, ""relative_squared_residual_reduction"": 0.02217200944554204}, ""200_to_400"": {""absolute_squared_residual_reduction"": 0.0, ""relative_squared_residual_reduction"": 0.0}, ""25_to_50"": {""absolute_squared_residual_reduction"": 0.03125012806732219, ""relative_squared_residual_reduction"": 0.03967969164644751}, ""50_to_100"": {""absolute_squared_residual_reduction"": 0.00010294622268791631, ""relative_squared_residual_reduction"": 0.00013611650517896966}}",1e-05,synthetic,True,5.55,completed_requested_budget_iteration_history_unavailable,0.03010491601889953,576,6x4x3x3,"{""deterministic"": true, ""seed"": 2, ""torch_deterministic_algorithms"": ""warn_only""}",cpu,,0.29782977689211265,c8ff899b25fb71724cb2f0bceee0e86207b07c6e00a1ca25262f4925ec51bc76,sha256:c8ff899b25fb71724cb2f0bceee0e86207b07c6e00a1ca25262f4925ec51bc76,True,independent_zero_iteration_probe_matches_factors_captured_from_actual_fit,random,200,400,0.4583768996789954,cp,smallnet_hybrid_memory_bounded_mttkrp,0,2,torch.float32,0.4583768996789954,40,0.18018018018018017,2,0.0,0.061099739814169746,0.02217200944554204,0.0,0.03967969164644751,0.00013611650517896966,0.061099739814169746,2,10,completed
0.0,0.017857723857055974,0.0,0.03125012806732219,0.00010294622268791631,c8ff899b25fb71724cb2f0bceee0e86207b07c6e00a1ca25262f4925ec51bc76,0.8696014469693045,0.7562066765711081,"{""100_to_200"": {""absolute_squared_residual_reduction"": 0.0, ""relative_squared_residual_reduction"": 0.0}, ""10_to_25"": {""absolute_squared_residual_reduction"": 0.017857723857055974, ""relative_squared_residual_reduction"": 0.02217200944554204}, ""200_to_400"": {""absolute_squared_residual_reduction"": 0.0, ""relative_squared_residual_reduction"": 0.0}, ""25_to_50"": {""absolute_squared_residual_reduction"": 0.03125012806732219, ""relative_squared_residual_reduction"": 0.03967969164644751}, ""50_to_100"": {""absolute_squared_residual_reduction"": 0.00010294622268791631, ""relative_squared_residual_reduction"": 0.00013611650517896966}}",1e-05,synthetic,True,5.55,completed_requested_budget_iteration_history_unavailable,0.030232249991968274,576,6x4x3x3,"{""deterministic"": true, ""seed"": 2, ""torch_deterministic_algorithms"": ""warn_only""}",cpu,,0.29782977689211265,c8ff899b25fb71724cb2f0bceee0e86207b07c6e00a1ca25262f4925ec51bc76,sha256:c8ff899b25fb71724cb2f0bceee0e86207b07c6e00a1ca25262f4925ec51bc76,True,independent_zero_iteration_probe_matches_factors_captured_from_actual_fit,random,400,400,0.4583768996789954,cp,smallnet_hybrid_memory_bounded_mttkrp,0,2,torch.float32,0.4583768996789954,40,0.18018018018018017,2,0.0,0.061099739814169746,0.02217200944554204,0.0,0.03967969164644751,0.00013611650517896966,0.061099739814169746,2,10,completed
4.419145074419095e-05,0.008359206126429153,0.0,0.002232504989822859,0.022635565115047718,5ffdf963c230abd3ff1e5ec58acc6e965baaeeed503a87b94326ebb565aeca6d,0.7685783004235301,0.5907126038819221,"{""100_to_200"": {""absolute_squared_residual_reduction"": 4.419145074419095e-05, ""relative_squared_residual_reduction"": 7.92692624403666e-05}, ""10_to_25"": {""absolute_squared_residual_reduction"": 0.008359206126429153, ""relative_squared_residual_reduction"": 0.014151054288491326}, ""200_to_400"": {""absolute_squared_residual_reduction"": 0.0, ""relative_squared_residual_reduction"": 0.0}, ""25_to_50"": {""absolute_squared_residual_reduction"": 0.002232504989822859, ""relative_squared_residual_reduction"": 0.0038335914213386262}, ""50_to_100"": {""absolute_squared_residual_reduction"": 0.022635565115047718, ""relative_squared_residual_reduction"": 0.03901870351046116}}",1e-05,synthetic,True,3.0,completed_requested_budget_iteration_history_unavailable,0.009213417011778802,1152,6x4x3x3,"{""deterministic"": true, ""seed"": 0, ""torch_deterministic_algorithms"": ""warn_only""}",cpu,,0.415032571062275,5ffdf963c230abd3ff1e5ec58acc6e965baaeeed503a87b94326ebb565aeca6d,sha256:5ffdf963c230abd3ff1e5ec58acc6e965baaeeed503a87b94326ebb565aeca6d,True,independent_zero_iteration_probe_matches_factors_captured_from_actual_fit,random,10,400,0.17568003281964717,cp,smallnet_hybrid_memory_bounded_mttkrp,0,2,torch.float32,0.17568003281964717,74,0.3333333333333333,4,7.92692624403666e-05,0.056249479040981404,0.014151054288491326,0.0,0.0038335914213386262,0.03901870351046116,0.05632428944870554,0,10,completed
4.419145074419095e-05,0.008359206126429153,0.0,0.002232504989822859,0.022635565115047718,5ffdf963c230abd3ff1e5ec58acc6e965baaeeed503a87b94326ebb565aeca6d,0.7631208277563213,0.582353397755493,"{""100_to_200"": {""absolute_squared_residual_reduction"": 4.419145074419095e-05, ""relative_squared_residual_reduction"": 7.92692624403666e-05}, ""10_to_25"": {""absolute_squared_residual_reduction"": 0.008359206126429153, ""relative_squared_residual_reduction"": 0.014151054288491326}, ""200_to_400"": {""absolute_squared_residual_reduction"": 0.0, ""relative_squared_residual_reduction"": 0.0}, ""25_to_50"": {""absolute_squared_residual_reduction"": 0.002232504989822859, ""relative_squared_residual_reduction"": 0.0038335914213386262}, ""50_to_100"": {""absolute_squared_residual_reduction"": 0.022635565115047718, ""relative_squared_residual_reduction"": 0.03901870351046116}}",1e-05,synthetic,True,3.0,completed_requested_budget_iteration_history_unavailable,0.011933624977245927,1152,6x4x3x3,"{""deterministic"": true, ""seed"": 0, ""torch_deterministic_algorithms"": ""warn_only""}",cpu,,0.4066733649358458,5ffdf963c230abd3ff1e5ec58acc6e965baaeeed503a87b94326ebb565aeca6d,sha256:5ffdf963c230abd3ff1e5ec58acc6e965baaeeed503a87b94326ebb565aeca6d,True,independent_zero_iteration_probe_matches_factors_captured_from_actual_fit,random,25,400,0.17568003281964717,cp,smallnet_hybrid_memory_bounded_mttkrp,0,2,torch.float32,0.17568003281964717,74,0.3333333333333333,4,7.92692624403666e-05,0.056249479040981404,0.014151054288491326,0.0,0.0038335914213386262,0.03901870351046116,0.05632428944870554,0,10,completed
4.419145074419095e-05,0.008359206126429153,0.0,0.002232504989822859,0.022635565115047718,5ffdf963c230abd3ff1e5ec58acc6e965baaeeed503a87b94326ebb565aeca6d,0.7616566764400284,0.5801208927656701,"{""100_to_200"": {""absolute_squared_residual_reduction"": 4.419145074419095e-05, ""relative_squared_residual_reduction"": 7.92692624403666e-05}, ""10_to_25"": {""absolute_squared_residual_reduction"": 0.008359206126429153, ""relative_squared_residual_reduction"": 0.014151054288491326}, ""200_to_400"": {""absolute_squared_residual_reduction"": 0.0, ""relative_squared_residual_reduction"": 0.0}, ""25_to_50"": {""absolute_squared_residual_reduction"": 0.002232504989822859, ""relative_squared_residual_reduction"": 0.0038335914213386262}, ""50_to_100"": {""absolute_squared_residual_reduction"": 0.022635565115047718, ""relative_squared_residual_reduction"": 0.03901870351046116}}",1e-05,synthetic,True,3.0,completed_requested_budget_iteration_history_unavailable,0.02519670798210427,1152,6x4x3x3,"{""deterministic"": true, ""seed"": 0, ""torch_deterministic_algorithms"": ""warn_only""}",cpu,,0.40444085994602297,5ffdf963c230abd3ff1e5ec58acc6e965baaeeed503a87b94326ebb565aeca6d,sha256:5ffdf963c230abd3ff1e5ec58acc6e965baaeeed503a87b94326ebb565aeca6d,True,independent_zero_iteration_probe_matches_factors_captured_from_actual_fit,random,50,400,0.17568003281964717,cp,smallnet_hybrid_memory_bounded_mttkrp,0,2,torch.float32,0.17568003281964717,74,0.3333333333333333,4,7.92692624403666e-05,0.056249479040981404,0.014151054288491326,0.0,0.0038335914213386262,0.03901870351046116,0.05632428944870554,0,10,completed
4.419145074419095e-05,0.008359206126429153,0.0,0.002232504989822859,0.022635565115047718,5ffdf963c230abd3ff1e5ec58acc6e965baaeeed503a87b94326ebb565aeca6d,0.7466494007568897,0.5574853276506224,"{""100_to_200"": {""absolute_squared_residual_reduction"": 4.419145074419095e-05, ""relative_squared_residual_reduction"": 7.92692624403666e-05}, ""10_to_25"": {""absolute_squared_residual_reduction"": 0.008359206126429153, ""relative_squared_residual_reduction"": 0.014151054288491326}, ""200_to_400"": {""absolute_squared_residual_reduction"": 0.0, ""relative_squared_residual_reduction"": 0.0}, ""25_to_50"": {""absolute_squared_residual_reduction"": 0.002232504989822859, ""relative_squared_residual_reduction"": 0.0038335914213386262}, ""50_to_100"": {""absolute_squared_residual_reduction"": 0.022635565115047718, ""relative_squared_residual_reduction"": 0.03901870351046116}}",1e-05,synthetic,True,3.0,completed_requested_budget_iteration_history_unavailable,0.047444374999031425,1152,6x4x3x3,"{""deterministic"": true, ""seed"": 0, ""torch_deterministic_algorithms"": ""warn_only""}",cpu,,0.38180529483097525,5ffdf963c230abd3ff1e5ec58acc6e965baaeeed503a87b94326ebb565aeca6d,sha256:5ffdf963c230abd3ff1e5ec58acc6e965baaeeed503a87b94326ebb565aeca6d,True,independent_zero_iteration_probe_matches_factors_captured_from_actual_fit,random,100,400,0.17568003281964717,cp,smallnet_hybrid_memory_bounded_mttkrp,0,2,torch.float32,0.17568003281964717,74,0.3333333333333333,4,7.92692624403666e-05,0.056249479040981404,0.014151054288491326,0.0,0.0038335914213386262,0.03901870351046116,0.05632428944870554,0,10,completed
4.419145074419095e-05,0.008359206126429153,0.0,0.002232504989822859,0.022635565115047718,5ffdf963c230abd3ff1e5ec58acc6e965baaeeed503a87b94326ebb565aeca6d,0.7466198069967593,0.5574411361998782,"{""100_to_200"": {""absolute_squared_residual_reduction"": 4.419145074419095e-05, ""relative_squared_residual_reduction"": 7.92692624403666e-05}, ""10_to_25"": {""absolute_squared_residual_reduction"": 0.008359206126429153, ""relative_squared_residual_reduction"": 0.014151054288491326}, ""200_to_400"": {""absolute_squared_residual_reduction"": 0.0, ""relative_squared_residual_reduction"": 0.0}, ""25_to_50"": {""absolute_squared_residual_reduction"": 0.002232504989822859, ""relative_squared_residual_reduction"": 0.0038335914213386262}, ""50_to_100"": {""absolute_squared_residual_reduction"": 0.022635565115047718, ""relative_squared_residual_reduction"": 0.03901870351046116}}",1e-05,synthetic,True,3.0,completed_requested_budget_iteration_history_unavailable,0.1481485409894958,1152,6x4x3x3,"{""deterministic"": true, ""seed"": 0, ""torch_deterministic_algorithms"": ""warn_only""}",cpu,,0.38176110338023106,5ffdf963c230abd3ff1e5ec58acc6e965baaeeed503a87b94326ebb565aeca6d,sha256:5ffdf963c230abd3ff1e5ec58acc6e965baaeeed503a87b94326ebb565aeca6d,True,independent_zero_iteration_probe_matches_factors_captured_from_actual_fit,random,200,400,0.17568003281964717,cp,smallnet_hybrid_memory_bounded_mttkrp,0,2,torch.float32,0.17568003281964717,74,0.3333333333333333,4,7.92692624403666e-05,0.056249479040981404,0.014151054288491326,0.0,0.0038335914213386262,0.03901870351046116,0.05632428944870554,0,10,completed
4.419145074419095e-05,0.008359206126429153,0.0,0.002232504989822859,0.022635565115047718,5ffdf963c230abd3ff1e5ec58acc6e965baaeeed503a87b94326ebb565aeca6d,0.7466198069967593,0.5574411361998782,"{""100_to_200"": {""absolute_squared_residual_reduction"": 4.419145074419095e-05, ""relative_squared_residual_reduction"": 7.92692624403666e-05}, ""10_to_25"": {""absolute_squared_residual_reduction"": 0.008359206126429153, ""relative_squared_residual_reduction"": 0.014151054288491326}, ""200_to_400"": {""absolute_squared_residual_reduction"": 0.0, ""relative_squared_residual_reduction"": 0.0}, ""25_to_50"": {""absolute_squared_residual_reduction"": 0.002232504989822859, ""relative_squared_residual_reduction"": 0.0038335914213386262}, ""50_to_100"": {""absolute_squared_residual_reduction"": 0.022635565115047718, ""relative_squared_residual_reduction"": 0.03901870351046116}}",1e-05,synthetic,True,3.0,completed_requested_budget_iteration_history_unavailable,0.06804766604909673,1152,6x4x3x3,"{""deterministic"": true, ""seed"": 0, ""torch_deterministic_algorithms"": ""warn_only""}",cpu,,0.38176110338023106,5ffdf963c230abd3ff1e5ec58acc6e965baaeeed503a87b94326ebb565aeca6d,sha256:5ffdf963c230abd3ff1e5ec58acc6e965baaeeed503a87b94326ebb565aeca6d,True,independent_zero_iteration_probe_matches_factors_captured_from_actual_fit,random,400,400,0.17568003281964717,cp,smallnet_hybrid_memory_bounded_mttkrp,0,2,torch.float32,0.17568003281964717,74,0.3333333333333333,4,7.92692624403666e-05,0.056249479040981404,0.014151054288491326,0.0,0.0038335914213386262,0.03901870351046116,0.05632428944870554,0,10,completed
2.599664290570125e-05,0.006352412191497292,0.0,0.03140799500942271,0.012255301559513265,84c49eb575900d74459cb7271429ca702ddab518ea39f034fc101f6ecd8162cf,0.7795946370511441,0.6077677981189051,"{""100_to_200"": {""absolute_squared_residual_reduction"": 2.599664290570125e-05, ""relative_squared_residual_reduction"": 4.6609673727269524e-05}, ""10_to_25"": {""absolute_squared_residual_reduction"": 0.006352412191497292, ""relative_squared_residual_reduction"": 0.01045203811580437}, ""200_to_400"": {""absolute_squared_residual_reduction"": 0.0, ""relative_squared_residual_reduction"": 0.0}, ""25_to_50"": {""absolute_squared_residual_reduction"": 0.03140799500942271, ""relative_squared_residual_reduction"": 0.05222346442133378}, ""50_to_100"": {""absolute_squared_residual_reduction"": 0.012255301559513265, ""relative_squared_residual_reduction"": 0.021500250268292758}}",1e-05,synthetic,True,3.0,completed_requested_budget_iteration_history_unavailable,0.004978917015250772,1152,6x4x3x3,"{""deterministic"": true, ""seed"": 1, ""torch_deterministic_algorithms"": ""warn_only""}",cpu,,0.43208776529925796,84c49eb575900d74459cb7271429ca702ddab518ea39f034fc101f6ecd8162cf,sha256:84c49eb575900d74459cb7271429ca702ddab518ea39f034fc101f6ecd8162cf,True,independent_zero_iteration_probe_matches_factors_captured_from_actual_fit,random,10,400,0.17568003281964717,cp,smallnet_hybrid_memory_bounded_mttkrp,0,2,torch.float32,0.17568003281964717,74,0.3333333333333333,4,4.6609673727269524e-05,0.08229410790640157,0.01045203811580437,0.0,0.05222346442133378,0.021500250268292758,0.08233688187860964,1,10,completed
2.599664290570125e-05,0.006352412191497292,0.0,0.03140799500942271,0.012255301559513265,84c49eb575900d74459cb7271429ca702ddab518ea39f034fc101f6ecd8162cf,0.7755097587570435,0.6014153859274078,"{""100_to_200"": {""absolute_squared_residual_reduction"": 2.599664290570125e-05, ""relative_squared_residual_reduction"": 4.6609673727269524e-05}, ""10_to_25"": {""absolute_squared_residual_reduction"": 0.006352412191497292, ""relative_squared_residual_reduction"": 0.01045203811580437}, ""200_to_400"": {""absolute_squared_residual_reduction"": 0.0, ""relative_squared_residual_reduction"": 0.0}, ""25_to_50"": {""absolute_squared_residual_reduction"": 0.03140799500942271, ""relative_squared_residual_reduction"": 0.05222346442133378}, ""50_to_100"": {""absolute_squared_residual_reduction"": 0.012255301559513265, ""relative_squared_residual_reduction"": 0.021500250268292758}}",1e-05,synthetic,True,3.0,completed_requested_budget_iteration_history_unavailable,0.012406750000081956,1152,6x4x3x3,"{""deterministic"": true, ""seed"": 1, ""torch_deterministic_algorithms"": ""warn_only""}",cpu,,0.4257353531077607,84c49eb575900d74459cb7271429ca702ddab518ea39f034fc101f6ecd8162cf,sha256:84c49eb575900d74459cb7271429ca702ddab518ea39f034fc101f6ecd8162cf,True,independent_zero_iteration_probe_matches_factors_captured_from_actual_fit,random,25,400,0.17568003281964717,cp,smallnet_hybrid_memory_bounded_mttkrp,0,2,torch.float32,0.17568003281964717,74,0.3333333333333333,4,4.6609673727269524e-05,0.08229410790640157,0.01045203811580437,0.0,0.05222346442133378,0.021500250268292758,0.08233688187860964,1,10,completed
2.599664290570125e-05,0.006352412191497292,0.0,0.03140799500942271,0.012255301559513265,84c49eb575900d74459cb7271429ca702ddab518ea39f034fc101f6ecd8162cf,0.7549883382662179,0.5700073909179851,"{""100_to_200"": {""absolute_squared_residual_reduction"": 2.599664290570125e-05, ""relative_squared_residual_reduction"": 4.6609673727269524e-05}, ""10_to_25"": {""absolute_squared_residual_reduction"": 0.006352412191497292, ""relative_squared_residual_reduction"": 0.01045203811580437}, ""200_to_400"": {""absolute_squared_residual_reduction"": 0.0, ""relative_squared_residual_reduction"": 0.0}, ""25_to_50"": {""absolute_squared_residual_reduction"": 0.03140799500942271, ""relative_squared_residual_reduction"": 0.05222346442133378}, ""50_to_100"": {""absolute_squared_residual_reduction"": 0.012255301559513265, ""relative_squared_residual_reduction"": 0.021500250268292758}}",1e-05,synthetic,True,3.0,completed_requested_budget_iteration_history_unavailable,0.05382658296730369,1152,6x4x3x3,"{""deterministic"": true, ""seed"": 1, ""torch_deterministic_algorithms"": ""warn_only""}",cpu,,0.39432735809833797,84c49eb575900d74459cb7271429ca702ddab518ea39f034fc101f6ecd8162cf,sha256:84c49eb575900d74459cb7271429ca702ddab518ea39f034fc101f6ecd8162cf,True,independent_zero_iteration_probe_matches_factors_captured_from_actual_fit,random,50,400,0.17568003281964717,cp,smallnet_hybrid_memory_bounded_mttkrp,0,2,torch.float32,0.17568003281964717,74,0.3333333333333333,4,4.6609673727269524e-05,0.08229410790640157,0.01045203811580437,0.0,0.05222346442133378,0.021500250268292758,0.08233688187860964,1,10,completed
2.599664290570125e-05,0.006352412191497292,0.0,0.03140799500942271,0.012255301559513265,84c49eb575900d74459cb7271429ca702ddab518ea39f034fc101f6ecd8162cf,0.7468280185949586,0.5577520893584719,"{""100_to_200"": {""absolute_squared_residual_reduction"": 2.599664290570125e-05, ""relative_squared_residual_reduction"": 4.6609673727269524e-05}, ""10_to_25"": {""absolute_squared_residual_reduction"": 0.006352412191497292, ""relative_squared_residual_reduction"": 0.01045203811580437}, ""200_to_400"": {""absolute_squared_residual_reduction"": 0.0, ""relative_squared_residual_reduction"": 0.0}, ""25_to_50"": {""absolute_squared_residual_reduction"": 0.03140799500942271, ""relative_squared_residual_reduction"": 0.05222346442133378}, ""50_to_100"": {""absolute_squared_residual_reduction"": 0.012255301559513265, ""relative_squared_residual_reduction"": 0.021500250268292758}}",1e-05,synthetic,True,3.0,completed_requested_budget_iteration_history_unavailable,0.04904712503775954,1152,6x4x3x3,"{""deterministic"": true, ""seed"": 1, ""torch_deterministic_algorithms"": ""warn_only""}",cpu,,0.3820720565388247,84c49eb575900d74459cb7271429ca702ddab518ea39f034fc101f6ecd8162cf,sha256:84c49eb575900d74459cb7271429ca702ddab518ea39f034fc101f6ecd8162cf,True,independent_zero_iteration_probe_matches_factors_captured_from_actual_fit,random,100,400,0.17568003281964717,cp,smallnet_hybrid_memory_bounded_mttkrp,0,2,torch.float32,0.17568003281964717,74,0.3333333333333333,4,4.6609673727269524e-05,0.08229410790640157,0.01045203811580437,0.0,0.05222346442133378,0.021500250268292758,0.08233688187860964,1,10,completed
2.599664290570125e-05,0.006352412191497292,0.0,0.03140799500942271,0.012255301559513265,84c49eb575900d74459cb7271429ca702ddab518ea39f034fc101f6ecd8162cf,0.7468106136870084,0.5577260927155662,"{""100_to_200"": {""absolute_squared_residual_reduction"": 2.599664290570125e-05, ""relative_squared_residual_reduction"": 4.6609673727269524e-05}, ""10_to_25"": {""absolute_squared_residual_reduction"": 0.006352412191497292, ""relative_squared_residual_reduction"": 0.01045203811580437}, ""200_to_400"": {""absolute_squared_residual_reduction"": 0.0, ""relative_squared_residual_reduction"": 0.0}, ""25_to_50"": {""absolute_squared_residual_reduction"": 0.03140799500942271, ""relative_squared_residual_reduction"": 0.05222346442133378}, ""50_to_100"": {""absolute_squared_residual_reduction"": 0.012255301559513265, ""relative_squared_residual_reduction"": 0.021500250268292758}}",1e-05,synthetic,True,3.0,completed_requested_budget_iteration_history_unavailable,0.07943566597532481,1152,6x4x3x3,"{""deterministic"": true, ""seed"": 1, ""torch_deterministic_algorithms"": ""warn_only""}",cpu,,0.382046059895919,84c49eb575900d74459cb7271429ca702ddab518ea39f034fc101f6ecd8162cf,sha256:84c49eb575900d74459cb7271429ca702ddab518ea39f034fc101f6ecd8162cf,True,independent_zero_iteration_probe_matches_factors_captured_from_actual_fit,random,200,400,0.17568003281964717,cp,smallnet_hybrid_memory_bounded_mttkrp,0,2,torch.float32,0.17568003281964717,74,0.3333333333333333,4,4.6609673727269524e-05,0.08229410790640157,0.01045203811580437,0.0,0.05222346442133378,0.021500250268292758,0.08233688187860964,1,10,completed
2.599664290570125e-05,0.006352412191497292,0.0,0.03140799500942271,0.012255301559513265,84c49eb575900d74459cb7271429ca702ddab518ea39f034fc101f6ecd8162cf,0.7468106136870084,0.5577260927155662,"{""100_to_200"": {""absolute_squared_residual_reduction"": 2.599664290570125e-05, ""relative_squared_residual_reduction"": 4.6609673727269524e-05}, ""10_to_25"": {""absolute_squared_residual_reduction"": 0.006352412191497292, ""relative_squared_residual_reduction"": 0.01045203811580437}, ""200_to_400"": {""absolute_squared_residual_reduction"": 0.0, ""relative_squared_residual_reduction"": 0.0}, ""25_to_50"": {""absolute_squared_residual_reduction"": 0.03140799500942271, ""relative_squared_residual_reduction"": 0.05222346442133378}, ""50_to_100"": {""absolute_squared_residual_reduction"": 0.012255301559513265, ""relative_squared_residual_reduction"": 0.021500250268292758}}",1e-05,synthetic,True,3.0,completed_requested_budget_iteration_history_unavailable,0.12116733303992078,1152,6x4x3x3,"{""deterministic"": true, ""seed"": 1, ""torch_deterministic_algorithms"": ""warn_only""}",cpu,,0.382046059895919,84c49eb575900d74459cb7271429ca702ddab518ea39f034fc101f6ecd8162cf,sha256:84c49eb575900d74459cb7271429ca702ddab518ea39f034fc101f6ecd8162cf,True,independent_zero_iteration_probe_matches_factors_captured_from_actual_fit,random,400,400,0.17568003281964717,cp,smallnet_hybrid_memory_bounded_mttkrp,0,2,torch.float32,0.17568003281964717,74,0.3333333333333333,4,4.6609673727269524e-05,0.08229410790640157,0.01045203811580437,0.0,0.05222346442133378,0.021500250268292758,0.08233688187860964,1,10,completed
0.00016015061940255482,0.01202882486236978,6.256065874399308e-05,0.0012869424433152865,0.00039360061065085716,036138b667c0e06ff192ddb9c1bc2c05be09cfa15713c3643edfb4186cbba2c9,0.7744181678847066,0.5997234987499056,"{""100_to_200"": {""absolute_squared_residual_reduction"": 0.00016015061940255482, ""relative_squared_residual_reduction"": 0.0002732879822791137}, ""10_to_25"": {""absolute_squared_residual_reduction"": 0.01202882486236978, ""relative_squared_residual_reduction"": 0.020057284544366328}, ""200_to_400"": {""absolute_squared_residual_reduction"": 6.256065874399308e-05, ""relative_squared_residual_reduction"": 0.0001067854121621281}, ""25_to_50"": {""absolute_squared_residual_reduction"": 0.0012869424433152865, ""relative_squared_residual_reduction"": 0.002189814712463367}, ""50_to_100"": {""absolute_squared_residual_reduction"": 0.00039360061065085716, ""relative_squared_residual_reduction"": 0.0006712063800412166}}",1e-05,synthetic,True,3.0,completed_requested_budget_iteration_history_unavailable,0.005581124976743013,1152,6x4x3x3,"{""deterministic"": true, ""seed"": 2, ""torch_deterministic_algorithms"": ""warn_only""}",cpu,,0.42404346593025843,036138b667c0e06ff192ddb9c1bc2c05be09cfa15713c3643edfb4186cbba2c9,sha256:036138b667c0e06ff192ddb9c1bc2c05be09cfa15713c3643edfb4186cbba2c9,True,independent_zero_iteration_probe_matches_factors_captured_from_actual_fit,random,10,400,0.17568003281964717,cp,smallnet_hybrid_memory_bounded_mttkrp,0,2,torch.float32,0.17568003281964717,74,0.3333333333333333,4,0.0002732879822791137,0.022859480985674953,0.020057284544366328,0.0001067854121621281,0.002189814712463367,0.0006712063800412166,0.023230837583525094,2,10,completed
0.00016015061940255482,0.01202882486236978,6.256065874399308e-05,0.0012869424433152865,0.00039360061065085716,036138b667c0e06ff192ddb9c1bc2c05be09cfa15713c3643edfb4186cbba2c9,0.7666124665615188,0.5876946738875358,"{""100_to_200"": {""absolute_squared_residual_reduction"": 0.00016015061940255482, ""relative_squared_residual_reduction"": 0.0002732879822791137}, ""10_to_25"": {""absolute_squared_residual_reduction"": 0.01202882486236978, ""relative_squared_residual_reduction"": 0.020057284544366328}, ""200_to_400"": {""absolute_squared_residual_reduction"": 6.256065874399308e-05, ""relative_squared_residual_reduction"": 0.0001067854121621281}, ""25_to_50"": {""absolute_squared_residual_reduction"": 0.0012869424433152865, ""relative_squared_residual_reduction"": 0.002189814712463367}, ""50_to_100"": {""absolute_squared_residual_reduction"": 0.00039360061065085716, ""relative_squared_residual_reduction"": 0.0006712063800412166}}",1e-05,synthetic,True,3.0,completed_requested_budget_iteration_history_unavailable,0.012352917052339762,1152,6x4x3x3,"{""deterministic"": true, ""seed"": 2, ""torch_deterministic_algorithms"": ""warn_only""}",cpu,,0.41201464106788865,036138b667c0e06ff192ddb9c1bc2c05be09cfa15713c3643edfb4186cbba2c9,sha256:036138b667c0e06ff192ddb9c1bc2c05be09cfa15713c3643edfb4186cbba2c9,True,independent_zero_iteration_probe_matches_factors_captured_from_actual_fit,random,25,400,0.17568003281964717,cp,smallnet_hybrid_memory_bounded_mttkrp,0,2,torch.float32,0.17568003281964717,74,0.3333333333333333,4,0.0002732879822791137,0.022859480985674953,0.020057284544366328,0.0001067854121621281,0.002189814712463367,0.0006712063800412166,0.023230837583525094,2,10,completed
0.00016015061940255482,0.01202882486236978,6.256065874399308e-05,0.0012869424433152865,0.00039360061065085716,036138b667c0e06ff192ddb9c1bc2c05be09cfa15713c3643edfb4186cbba2c9,0.7657726369126939,0.5864077314442205,"{""100_to_200"": {""absolute_squared_residual_reduction"": 0.00016015061940255482, ""relative_squared_residual_reduction"": 0.0002732879822791137}, ""10_to_25"": {""absolute_squared_residual_reduction"": 0.01202882486236978, ""relative_squared_residual_reduction"": 0.020057284544366328}, ""200_to_400"": {""absolute_squared_residual_reduction"": 6.256065874399308e-05, ""relative_squared_residual_reduction"": 0.0001067854121621281}, ""25_to_50"": {""absolute_squared_residual_reduction"": 0.0012869424433152865, ""relative_squared_residual_reduction"": 0.002189814712463367}, ""50_to_100"": {""absolute_squared_residual_reduction"": 0.00039360061065085716, ""relative_squared_residual_reduction"": 0.0006712063800412166}}",1e-05,synthetic,True,3.0,completed_requested_budget_iteration_history_unavailable,0.02356950001558289,1152,6x4x3x3,"{""deterministic"": true, ""seed"": 2, ""torch_deterministic_algorithms"": ""warn_only""}",cpu,,0.41072769862457337,036138b667c0e06ff192ddb9c1bc2c05be09cfa15713c3643edfb4186cbba2c9,sha256:036138b667c0e06ff192ddb9c1bc2c05be09cfa15713c3643edfb4186cbba2c9,True,independent_zero_iteration_probe_matches_factors_captured_from_actual_fit,random,50,400,0.17568003281964717,cp,smallnet_hybrid_memory_bounded_mttkrp,0,2,torch.float32,0.17568003281964717,74,0.3333333333333333,4,0.0002732879822791137,0.022859480985674953,0.020057284544366328,0.0001067854121621281,0.002189814712463367,0.0006712063800412166,0.023230837583525094,2,10,completed
0.00016015061940255482,0.01202882486236978,6.256065874399308e-05,0.0012869424433152865,0.00039360061065085716,036138b667c0e06ff192ddb9c1bc2c05be09cfa15713c3643edfb4186cbba2c9,0.7655155980341417,0.5860141308335697,"{""100_to_200"": {""absolute_squared_residual_reduction"": 0.00016015061940255482, ""relative_squared_residual_reduction"": 0.0002732879822791137}, ""10_to_25"": {""absolute_squared_residual_reduction"": 0.01202882486236978, ""relative_squared_residual_reduction"": 0.020057284544366328}, ""200_to_400"": {""absolute_squared_residual_reduction"": 6.256065874399308e-05, ""relative_squared_residual_reduction"": 0.0001067854121621281}, ""25_to_50"": {""absolute_squared_residual_reduction"": 0.0012869424433152865, ""relative_squared_residual_reduction"": 0.002189814712463367}, ""50_to_100"": {""absolute_squared_residual_reduction"": 0.00039360061065085716, ""relative_squared_residual_reduction"": 0.0006712063800412166}}",1e-05,synthetic,True,3.0,completed_requested_budget_iteration_history_unavailable,0.04660574998706579,1152,6x4x3x3,"{""deterministic"": true, ""seed"": 2, ""torch_deterministic_algorithms"": ""warn_only""}",cpu,,0.4103340980139225,036138b667c0e06ff192ddb9c1bc2c05be09cfa15713c3643edfb4186cbba2c9,sha256:036138b667c0e06ff192ddb9c1bc2c05be09cfa15713c3643edfb4186cbba2c9,True,independent_zero_iteration_probe_matches_factors_captured_from_actual_fit,random,100,400,0.17568003281964717,cp,smallnet_hybrid_memory_bounded_mttkrp,0,2,torch.float32,0.17568003281964717,74,0.3333333333333333,4,0.0002732879822791137,0.022859480985674953,0.020057284544366328,0.0001067854121621281,0.002189814712463367,0.0006712063800412166,0.023230837583525094,2,10,completed
0.00016015061940255482,0.01202882486236978,6.256065874399308e-05,0.0012869424433152865,0.00039360061065085716,036138b667c0e06ff192ddb9c1bc2c05be09cfa15713c3643edfb4186cbba2c9,0.765410987779877,0.5858539802141671,"{""100_to_200"": {""absolute_squared_residual_reduction"": 0.00016015061940255482, ""relative_squared_residual_reduction"": 0.0002732879822791137}, ""10_to_25"": {""absolute_squared_residual_reduction"": 0.01202882486236978, ""relative_squared_residual_reduction"": 0.020057284544366328}, ""200_to_400"": {""absolute_squared_residual_reduction"": 6.256065874399308e-05, ""relative_squared_residual_reduction"": 0.0001067854121621281}, ""25_to_50"": {""absolute_squared_residual_reduction"": 0.0012869424433152865, ""relative_squared_residual_reduction"": 0.002189814712463367}, ""50_to_100"": {""absolute_squared_residual_reduction"": 0.00039360061065085716, ""relative_squared_residual_reduction"": 0.0006712063800412166}}",1e-05,synthetic,True,3.0,completed_requested_budget_iteration_history_unavailable,0.14818712504347786,1152,6x4x3x3,"{""deterministic"": true, ""seed"": 2, ""torch_deterministic_algorithms"": ""warn_only""}",cpu,,0.41017394739451996,036138b667c0e06ff192ddb9c1bc2c05be09cfa15713c3643edfb4186cbba2c9,sha256:036138b667c0e06ff192ddb9c1bc2c05be09cfa15713c3643edfb4186cbba2c9,True,independent_zero_iteration_probe_matches_factors_captured_from_actual_fit,random,200,400,0.17568003281964717,cp,smallnet_hybrid_memory_bounded_mttkrp,0,2,torch.float32,0.17568003281964717,74,0.3333333333333333,4,0.0002732879822791137,0.022859480985674953,0.020057284544366328,0.0001067854121621281,0.002189814712463367,0.0006712063800412166,0.023230837583525094,2,10,completed
0.00016015061940255482,0.01202882486236978,6.256065874399308e-05,0.0012869424433152865,0.00039360061065085716,036138b667c0e06ff192ddb9c1bc2c05be09cfa15713c3643edfb4186cbba2c9,0.7653701193249075,0.5857914195554231,"{""100_to_200"": {""absolute_squared_residual_reduction"": 0.00016015061940255482, ""relative_squared_residual_reduction"": 0.0002732879822791137}, ""10_to_25"": {""absolute_squared_residual_reduction"": 0.01202882486236978, ""relative_squared_residual_reduction"": 0.020057284544366328}, ""200_to_400"": {""absolute_squared_residual_reduction"": 6.256065874399308e-05, ""relative_squared_residual_reduction"": 0.0001067854121621281}, ""25_to_50"": {""absolute_squared_residual_reduction"": 0.0012869424433152865, ""relative_squared_residual_reduction"": 0.002189814712463367}, ""50_to_100"": {""absolute_squared_residual_reduction"": 0.00039360061065085716, ""relative_squared_residual_reduction"": 0.0006712063800412166}}",1e-05,synthetic,True,3.0,completed_requested_budget_iteration_history_unavailable,0.24100254103541374,1152,6x4x3x3,"{""deterministic"": true, ""seed"": 2, ""torch_deterministic_algorithms"": ""warn_only""}",cpu,,0.41011138673577596,036138b667c0e06ff192ddb9c1bc2c05be09cfa15713c3643edfb4186cbba2c9,sha256:036138b667c0e06ff192ddb9c1bc2c05be09cfa15713c3643edfb4186cbba2c9,True,independent_zero_iteration_probe_matches_factors_captured_from_actual_fit,random,400,400,0.17568003281964717,cp,smallnet_hybrid_memory_bounded_mttkrp,0,2,torch.float32,0.17568003281964717,74,0.3333333333333333,4,0.0002732879822791137,0.022859480985674953,0.020057284544366328,0.0001067854121621281,0.002189814712463367,0.0006712063800412166,0.023230837583525094,2,10,completed
