absolute_squared_residual_reduction_10_to_25,absolute_squared_residual_reduction_25_to_50,absolute_squared_residual_reduction_50_to_100,actual_fit_initialization_hash_sha256,actual_relative_frobenius_error,actual_relative_squared_frobenius_error,bound_tolerance,checkpoint_sha256,completed_requested_budget,compression_factor,convergence_status,decomposition_runtime_seconds,default_explicit_khatri_rao_peak_bytes_avoided,dense_tensor_shape,deterministic_settings,device,failure_exception,gap_above_max_bound,initialization_hash_sha256,initialization_identifier,initialization_matches_other_budgets,initialization_verification,initializer,iteration_budget,max_unfolding_tail_bound_squared,method,mttkrp_implementation,mttkrp_max_explicit_bytes,mttkrp_rank_chunk_size,numerical_precision,output_mode_svd_residual_squared,parameter_count,parameter_ratio,rank,relative_squared_residual_reduction_10_to_100,seed,status
0.006029138333955575,0.002797795726933394,0.0018909272095076757,274b541906bb26d138a3c296c358a1f53d967259b3d5198a3dd99c3091e07e61,0.9509073054309112,0.9042247035218761,1e-05,1576b92ebb359a519d57d489f8ee823c033588fbd7c77b1c9091606f42fb74a3,True,172.47003222341567,completed_requested_budget_iteration_history_unavailable,0.7826822239999274,7516192768,4096x512x7x7,"{""deterministic"": true, ""seed"": 0, ""torch_deterministic_algorithms"": ""warn_only""}",cuda,,0.17190967339725205,274b541906bb26d138a3c296c358a1f53d967259b3d5198a3dd99c3091e07e61,sha256:274b541906bb26d138a3c296c358a1f53d967259b3d5198a3dd99c3091e07e61,True,independent_zero_iteration_probe_matches_factors_captured_from_actual_fit,random,10,0.7323150301246241,cp,smallnet_hybrid_memory_bounded_mttkrp,536870912,64,torch.float32,0.7323150301246241,595840,0.005798108732910838,128,0.011853094953778096,0,completed
0.006029138333955575,0.002797795726933394,0.0018909272095076757,274b541906bb26d138a3c296c358a1f53d967259b3d5198a3dd99c3091e07e61,0.9477318002409334,0.8981955651879205,1e-05,1576b92ebb359a519d57d489f8ee823c033588fbd7c77b1c9091606f42fb74a3,True,172.47003222341567,completed_requested_budget_iteration_history_unavailable,1.355827268999974,7516192768,4096x512x7x7,"{""deterministic"": true, ""seed"": 0, ""torch_deterministic_algorithms"": ""warn_only""}",cuda,,0.16588053506329647,274b541906bb26d138a3c296c358a1f53d967259b3d5198a3dd99c3091e07e61,sha256:274b541906bb26d138a3c296c358a1f53d967259b3d5198a3dd99c3091e07e61,True,independent_zero_iteration_probe_matches_factors_captured_from_actual_fit,random,25,0.7323150301246241,cp,smallnet_hybrid_memory_bounded_mttkrp,536870912,64,torch.float32,0.7323150301246241,595840,0.005798108732910838,128,0.011853094953778096,0,completed
0.006029138333955575,0.002797795726933394,0.0018909272095076757,274b541906bb26d138a3c296c358a1f53d967259b3d5198a3dd99c3091e07e61,0.9462546007608033,0.8953977694609871,1e-05,1576b92ebb359a519d57d489f8ee823c033588fbd7c77b1c9091606f42fb74a3,True,172.47003222341567,completed_requested_budget_iteration_history_unavailable,2.3026864829998885,7516192768,4096x512x7x7,"{""deterministic"": true, ""seed"": 0, ""torch_deterministic_algorithms"": ""warn_only""}",cuda,,0.16308273933636308,274b541906bb26d138a3c296c358a1f53d967259b3d5198a3dd99c3091e07e61,sha256:274b541906bb26d138a3c296c358a1f53d967259b3d5198a3dd99c3091e07e61,True,independent_zero_iteration_probe_matches_factors_captured_from_actual_fit,random,50,0.7323150301246241,cp,smallnet_hybrid_memory_bounded_mttkrp,536870912,64,torch.float32,0.7323150301246241,595840,0.005798108732910838,128,0.011853094953778096,0,completed
0.006029138333955575,0.002797795726933394,0.0018909272095076757,274b541906bb26d138a3c296c358a1f53d967259b3d5198a3dd99c3091e07e61,0.9452549086100952,0.8935068422514795,1e-05,1576b92ebb359a519d57d489f8ee823c033588fbd7c77b1c9091606f42fb74a3,True,172.47003222341567,completed_requested_budget_iteration_history_unavailable,4.380444765999982,7516192768,4096x512x7x7,"{""deterministic"": true, ""seed"": 0, ""torch_deterministic_algorithms"": ""warn_only""}",cuda,,0.1611918121268554,274b541906bb26d138a3c296c358a1f53d967259b3d5198a3dd99c3091e07e61,sha256:274b541906bb26d138a3c296c358a1f53d967259b3d5198a3dd99c3091e07e61,True,independent_zero_iteration_probe_matches_factors_captured_from_actual_fit,random,100,0.7323150301246241,cp,smallnet_hybrid_memory_bounded_mttkrp,536870912,64,torch.float32,0.7323150301246241,595840,0.005798108732910838,128,0.011853094953778096,0,completed
0.00573065168283049,0.0029121447258159128,0.0019443357047541632,b9afce6ac8279d29cda9e0774bb0ad0ed673aea24c2bc63af0b3847e0e4fa9fb,0.9507631840497448,0.903950632144409,1e-05,1576b92ebb359a519d57d489f8ee823c033588fbd7c77b1c9091606f42fb74a3,True,172.47003222341567,completed_requested_budget_iteration_history_unavailable,0.388476221000019,7516192768,4096x512x7x7,"{""deterministic"": true, ""seed"": 1, ""torch_deterministic_algorithms"": ""warn_only""}",cuda,,0.1716356020197849,b9afce6ac8279d29cda9e0774bb0ad0ed673aea24c2bc63af0b3847e0e4fa9fb,sha256:b9afce6ac8279d29cda9e0774bb0ad0ed673aea24c2bc63af0b3847e0e4fa9fb,True,independent_zero_iteration_probe_matches_factors_captured_from_actual_fit,random,10,0.7323150301246241,cp,smallnet_hybrid_memory_bounded_mttkrp,536870912,64,torch.float32,0.7323150301246241,595840,0.005798108732910838,128,0.011712068930451545,1,completed
0.00573065168283049,0.0029121447258159128,0.0019443357047541632,b9afce6ac8279d29cda9e0774bb0ad0ed673aea24c2bc63af0b3847e0e4fa9fb,0.9477446810515892,0.8982199804615785,1e-05,1576b92ebb359a519d57d489f8ee823c033588fbd7c77b1c9091606f42fb74a3,True,172.47003222341567,completed_requested_budget_iteration_history_unavailable,0.9585407810000106,7516192768,4096x512x7x7,"{""deterministic"": true, ""seed"": 1, ""torch_deterministic_algorithms"": ""warn_only""}",cuda,,0.1659049503369544,b9afce6ac8279d29cda9e0774bb0ad0ed673aea24c2bc63af0b3847e0e4fa9fb,sha256:b9afce6ac8279d29cda9e0774bb0ad0ed673aea24c2bc63af0b3847e0e4fa9fb,True,independent_zero_iteration_probe_matches_factors_captured_from_actual_fit,random,25,0.7323150301246241,cp,smallnet_hybrid_memory_bounded_mttkrp,536870912,64,torch.float32,0.7323150301246241,595840,0.005798108732910838,128,0.011712068930451545,1,completed
0.00573065168283049,0.0029121447258159128,0.0019443357047541632,b9afce6ac8279d29cda9e0774bb0ad0ed673aea24c2bc63af0b3847e0e4fa9fb,0.9462070786755733,0.8953078357357626,1e-05,1576b92ebb359a519d57d489f8ee823c033588fbd7c77b1c9091606f42fb74a3,True,172.47003222341567,completed_requested_budget_iteration_history_unavailable,1.950896862000036,7516192768,4096x512x7x7,"{""deterministic"": true, ""seed"": 1, ""torch_deterministic_algorithms"": ""warn_only""}",cuda,,0.1629928056111385,b9afce6ac8279d29cda9e0774bb0ad0ed673aea24c2bc63af0b3847e0e4fa9fb,sha256:b9afce6ac8279d29cda9e0774bb0ad0ed673aea24c2bc63af0b3847e0e4fa9fb,True,independent_zero_iteration_probe_matches_factors_captured_from_actual_fit,random,50,0.7323150301246241,cp,smallnet_hybrid_memory_bounded_mttkrp,536870912,64,torch.float32,0.7323150301246241,595840,0.005798108732910838,128,0.011712068930451545,1,completed
0.00573065168283049,0.0029121447258159128,0.0019443357047541632,b9afce6ac8279d29cda9e0774bb0ad0ed673aea24c2bc63af0b3847e0e4fa9fb,0.9451790835767624,0.8933635000310084,1e-05,1576b92ebb359a519d57d489f8ee823c033588fbd7c77b1c9091606f42fb74a3,True,172.47003222341567,completed_requested_budget_iteration_history_unavailable,4.048641580000094,7516192768,4096x512x7x7,"{""deterministic"": true, ""seed"": 1, ""torch_deterministic_algorithms"": ""warn_only""}",cuda,,0.16104846990638433,b9afce6ac8279d29cda9e0774bb0ad0ed673aea24c2bc63af0b3847e0e4fa9fb,sha256:b9afce6ac8279d29cda9e0774bb0ad0ed673aea24c2bc63af0b3847e0e4fa9fb,True,independent_zero_iteration_probe_matches_factors_captured_from_actual_fit,random,100,0.7323150301246241,cp,smallnet_hybrid_memory_bounded_mttkrp,536870912,64,torch.float32,0.7323150301246241,595840,0.005798108732910838,128,0.011712068930451545,1,completed
0.006091394222479951,0.0030015978387433195,0.0019434242505574906,bc0127a02ca75f36109fa2a633ad12f3c55584584e1ce0e2db237f128cc928fd,0.9508535039747094,0.9041223860209827,1e-05,1576b92ebb359a519d57d489f8ee823c033588fbd7c77b1c9091606f42fb74a3,True,172.47003222341567,completed_requested_budget_iteration_history_unavailable,0.3920864780000102,7516192768,4096x512x7x7,"{""deterministic"": true, ""seed"": 2, ""torch_deterministic_algorithms"": ""warn_only""}",cuda,,0.17180735589635865,bc0127a02ca75f36109fa2a633ad12f3c55584584e1ce0e2db237f128cc928fd,sha256:bc0127a02ca75f36109fa2a633ad12f3c55584584e1ce0e2db237f128cc928fd,True,independent_zero_iteration_probe_matches_factors_captured_from_actual_fit,random,10,0.7323150301246241,cp,smallnet_hybrid_memory_bounded_mttkrp,536870912,64,torch.float32,0.7323150301246241,595840,0.005798108732910838,128,0.012206772537014287,2,completed
0.006091394222479951,0.0030015978387433195,0.0019434242505574906,bc0127a02ca75f36109fa2a633ad12f3c55584584e1ce0e2db237f128cc928fd,0.9476449713888122,0.8980309917985028,1e-05,1576b92ebb359a519d57d489f8ee823c033588fbd7c77b1c9091606f42fb74a3,True,172.47003222341567,completed_requested_budget_iteration_history_unavailable,0.9618990799999665,7516192768,4096x512x7x7,"{""deterministic"": true, ""seed"": 2, ""torch_deterministic_algorithms"": ""warn_only""}",cuda,,0.1657159616738787,bc0127a02ca75f36109fa2a633ad12f3c55584584e1ce0e2db237f128cc928fd,sha256:bc0127a02ca75f36109fa2a633ad12f3c55584584e1ce0e2db237f128cc928fd,True,independent_zero_iteration_probe_matches_factors_captured_from_actual_fit,random,25,0.7323150301246241,cp,smallnet_hybrid_memory_bounded_mttkrp,536870912,64,torch.float32,0.7323150301246241,595840,0.005798108732910838,128,0.012206772537014287,2,completed
0.006091394222479951,0.0030015978387433195,0.0019434242505574906,bc0127a02ca75f36109fa2a633ad12f3c55584584e1ce0e2db237f128cc928fd,0.9460599314841315,0.8950293939597594,1e-05,1576b92ebb359a519d57d489f8ee823c033588fbd7c77b1c9091606f42fb74a3,True,172.47003222341567,completed_requested_budget_iteration_history_unavailable,2.015540310999995,7516192768,4096x512x7x7,"{""deterministic"": true, ""seed"": 2, ""torch_deterministic_algorithms"": ""warn_only""}",cuda,,0.16271436383513538,bc0127a02ca75f36109fa2a633ad12f3c55584584e1ce0e2db237f128cc928fd,sha256:bc0127a02ca75f36109fa2a633ad12f3c55584584e1ce0e2db237f128cc928fd,True,independent_zero_iteration_probe_matches_factors_captured_from_actual_fit,random,50,0.7323150301246241,cp,smallnet_hybrid_memory_bounded_mttkrp,536870912,64,torch.float32,0.7323150301246241,595840,0.005798108732910838,128,0.012206772537014287,2,completed
0.006091394222479951,0.0030015978387433195,0.0019434242505574906,bc0127a02ca75f36109fa2a633ad12f3c55584584e1ce0e2db237f128cc928fd,0.9450322585548082,0.893085969709202,1e-05,1576b92ebb359a519d57d489f8ee823c033588fbd7c77b1c9091606f42fb74a3,True,172.47003222341567,completed_requested_budget_iteration_history_unavailable,4.043061524999985,7516192768,4096x512x7x7,"{""deterministic"": true, ""seed"": 2, ""torch_deterministic_algorithms"": ""warn_only""}",cuda,,0.1607709395845779,bc0127a02ca75f36109fa2a633ad12f3c55584584e1ce0e2db237f128cc928fd,sha256:bc0127a02ca75f36109fa2a633ad12f3c55584584e1ce0e2db237f128cc928fd,True,independent_zero_iteration_probe_matches_factors_captured_from_actual_fit,random,100,0.7323150301246241,cp,smallnet_hybrid_memory_bounded_mttkrp,536870912,64,torch.float32,0.7323150301246241,595840,0.005798108732910838,128,0.012206772537014287,2,completed
0.0093403208318793,0.004529148380807313,0.0029369874266540474,15794558dac4fa8f3fcb3da0a9baa8472a1139854ba01e0a10aa321e3b675fe1,0.929809587926232,0.8645458697995494,1e-05,1576b92ebb359a519d57d489f8ee823c033588fbd7c77b1c9091606f42fb74a3,True,86.5324423367105,completed_requested_budget_iteration_history_unavailable,1.0365272470000946,15032385536,4096x512x7x7,"{""deterministic"": true, ""seed"": 0, ""torch_deterministic_algorithms"": ""warn_only""}",cuda,,0.20430675059696357,15794558dac4fa8f3fcb3da0a9baa8472a1139854ba01e0a10aa321e3b675fe1,sha256:15794558dac4fa8f3fcb3da0a9baa8472a1139854ba01e0a10aa321e3b675fe1,True,independent_zero_iteration_probe_matches_factors_captured_from_actual_fit,random,10,0.6602391192025858,cp,smallnet_hybrid_memory_bounded_mttkrp,536870912,64,torch.float32,0.6602391192025858,1187584,0.011556359360675993,256,0.01943963556640129,0,completed
0.0093403208318793,0.004529148380807313,0.0029369874266540474,15794558dac4fa8f3fcb3da0a9baa8472a1139854ba01e0a10aa321e3b675fe1,0.924773241918077,0.8552055489676701,1e-05,1576b92ebb359a519d57d489f8ee823c033588fbd7c77b1c9091606f42fb74a3,True,86.5324423367105,completed_requested_budget_iteration_history_unavailable,2.2109375669999736,15032385536,4096x512x7x7,"{""deterministic"": true, ""seed"": 0, ""torch_deterministic_algorithms"": ""warn_only""}",cuda,,0.19496642976508427,15794558dac4fa8f3fcb3da0a9baa8472a1139854ba01e0a10aa321e3b675fe1,sha256:15794558dac4fa8f3fcb3da0a9baa8472a1139854ba01e0a10aa321e3b675fe1,True,independent_zero_iteration_probe_matches_factors_captured_from_actual_fit,random,25,0.6602391192025858,cp,smallnet_hybrid_memory_bounded_mttkrp,536870912,64,torch.float32,0.6602391192025858,1187584,0.011556359360675993,256,0.01943963556640129,0,completed
0.0093403208318793,0.004529148380807313,0.0029369874266540474,15794558dac4fa8f3fcb3da0a9baa8472a1139854ba01e0a10aa321e3b675fe1,0.9223212025031533,0.8506764005868628,1e-05,1576b92ebb359a519d57d489f8ee823c033588fbd7c77b1c9091606f42fb74a3,True,86.5324423367105,completed_requested_budget_iteration_history_unavailable,4.038800976000175,15032385536,4096x512x7x7,"{""deterministic"": true, ""seed"": 0, ""torch_deterministic_algorithms"": ""warn_only""}",cuda,,0.19043728138427696,15794558dac4fa8f3fcb3da0a9baa8472a1139854ba01e0a10aa321e3b675fe1,sha256:15794558dac4fa8f3fcb3da0a9baa8472a1139854ba01e0a10aa321e3b675fe1,True,independent_zero_iteration_probe_matches_factors_captured_from_actual_fit,random,50,0.6602391192025858,cp,smallnet_hybrid_memory_bounded_mttkrp,536870912,64,torch.float32,0.6602391192025858,1187584,0.011556359360675993,256,0.01943963556640129,0,completed
0.0093403208318793,0.004529148380807313,0.0029369874266540474,15794558dac4fa8f3fcb3da0a9baa8472a1139854ba01e0a10aa321e3b675fe1,0.9207276541737023,0.8477394131602087,1e-05,1576b92ebb359a519d57d489f8ee823c033588fbd7c77b1c9091606f42fb74a3,True,86.5324423367105,completed_requested_budget_iteration_history_unavailable,8.314460109000038,15032385536,4096x512x7x7,"{""deterministic"": true, ""seed"": 0, ""torch_deterministic_algorithms"": ""warn_only""}",cuda,,0.1875002939576229,15794558dac4fa8f3fcb3da0a9baa8472a1139854ba01e0a10aa321e3b675fe1,sha256:15794558dac4fa8f3fcb3da0a9baa8472a1139854ba01e0a10aa321e3b675fe1,True,independent_zero_iteration_probe_matches_factors_captured_from_actual_fit,random,100,0.6602391192025858,cp,smallnet_hybrid_memory_bounded_mttkrp,536870912,64,torch.float32,0.6602391192025858,1187584,0.011556359360675993,256,0.01943963556640129,0,completed
0.00928209931595636,0.0045154470899042565,0.002873011928296365,c26de29ec8612f8cde8ec405a1497a5a25d5f2f4c93495341fff22dfc5d87ff6,0.9297934589984768,0.8645158763963522,1e-05,1576b92ebb359a519d57d489f8ee823c033588fbd7c77b1c9091606f42fb74a3,True,86.5324423367105,completed_requested_budget_iteration_history_unavailable,0.7519156440000643,15032385536,4096x512x7x7,"{""deterministic"": true, ""seed"": 1, ""torch_deterministic_algorithms"": ""warn_only""}",cuda,,0.20427675719376637,c26de29ec8612f8cde8ec405a1497a5a25d5f2f4c93495341fff22dfc5d87ff6,sha256:c26de29ec8612f8cde8ec405a1497a5a25d5f2f4c93495341fff22dfc5d87ff6,True,independent_zero_iteration_probe_matches_factors_captured_from_actual_fit,random,10,0.6602391192025858,cp,smallnet_hybrid_memory_bounded_mttkrp,536870912,64,torch.float32,0.6602391192025858,1187584,0.011556359360675993,256,0.019283114155921037,1,completed
0.00928209931595636,0.0045154470899042565,0.002873011928296365,c26de29ec8612f8cde8ec405a1497a5a25d5f2f4c93495341fff22dfc5d87ff6,0.9247885039728792,0.8552337770803958,1e-05,1576b92ebb359a519d57d489f8ee823c033588fbd7c77b1c9091606f42fb74a3,True,86.5324423367105,completed_requested_budget_iteration_history_unavailable,1.862456431000055,15032385536,4096x512x7x7,"{""deterministic"": true, ""seed"": 1, ""torch_deterministic_algorithms"": ""warn_only""}",cuda,,0.19499465787781,c26de29ec8612f8cde8ec405a1497a5a25d5f2f4c93495341fff22dfc5d87ff6,sha256:c26de29ec8612f8cde8ec405a1497a5a25d5f2f4c93495341fff22dfc5d87ff6,True,independent_zero_iteration_probe_matches_factors_captured_from_actual_fit,random,25,0.6602391192025858,cp,smallnet_hybrid_memory_bounded_mttkrp,536870912,64,torch.float32,0.6602391192025858,1187584,0.011556359360675993,256,0.019283114155921037,1,completed
0.00928209931595636,0.0045154470899042565,0.002873011928296365,c26de29ec8612f8cde8ec405a1497a5a25d5f2f4c93495341fff22dfc5d87ff6,0.922343932592659,0.8507183299904916,1e-05,1576b92ebb359a519d57d489f8ee823c033588fbd7c77b1c9091606f42fb74a3,True,86.5324423367105,completed_requested_budget_iteration_history_unavailable,3.8295450639998307,15032385536,4096x512x7x7,"{""deterministic"": true, ""seed"": 1, ""torch_deterministic_algorithms"": ""warn_only""}",cuda,,0.19047921078790575,c26de29ec8612f8cde8ec405a1497a5a25d5f2f4c93495341fff22dfc5d87ff6,sha256:c26de29ec8612f8cde8ec405a1497a5a25d5f2f4c93495341fff22dfc5d87ff6,True,independent_zero_iteration_probe_matches_factors_captured_from_actual_fit,random,50,0.6602391192025858,cp,smallnet_hybrid_memory_bounded_mttkrp,536870912,64,torch.float32,0.6602391192025858,1187584,0.011556359360675993,256,0.019283114155921037,1,completed
0.00928209931595636,0.0045154470899042565,0.002873011928296365,c26de29ec8612f8cde8ec405a1497a5a25d5f2f4c93495341fff22dfc5d87ff6,0.9207851639020881,0.8478453180621952,1e-05,1576b92ebb359a519d57d489f8ee823c033588fbd7c77b1c9091606f42fb74a3,True,86.5324423367105,completed_requested_budget_iteration_history_unavailable,8.08872585600011,15032385536,4096x512x7x7,"{""deterministic"": true, ""seed"": 1, ""torch_deterministic_algorithms"": ""warn_only""}",cuda,,0.18760619885960939,c26de29ec8612f8cde8ec405a1497a5a25d5f2f4c93495341fff22dfc5d87ff6,sha256:c26de29ec8612f8cde8ec405a1497a5a25d5f2f4c93495341fff22dfc5d87ff6,True,independent_zero_iteration_probe_matches_factors_captured_from_actual_fit,random,100,0.6602391192025858,cp,smallnet_hybrid_memory_bounded_mttkrp,536870912,64,torch.float32,0.6602391192025858,1187584,0.011556359360675993,256,0.019283114155921037,1,completed
0.009307786684388586,0.00437687270375986,0.002857259601958373,ce44c035d6bb640cb45e55e992e92a4356e392e8fecdd76ddd789fa3624cb206,0.9297951935014005,0.8645191018583068,1e-05,1576b92ebb359a519d57d489f8ee823c033588fbd7c77b1c9091606f42fb74a3,True,86.5324423367105,completed_requested_budget_iteration_history_unavailable,0.809185872999933,15032385536,4096x512x7x7,"{""deterministic"": true, ""seed"": 2, ""torch_deterministic_algorithms"": ""warn_only""}",cuda,,0.204279982655721,ce44c035d6bb640cb45e55e992e92a4356e392e8fecdd76ddd789fa3624cb206,sha256:ce44c035d6bb640cb45e55e992e92a4356e392e8fecdd76ddd789fa3624cb206,True,independent_zero_iteration_probe_matches_factors_captured_from_actual_fit,random,10,0.6602391192025858,cp,smallnet_hybrid_memory_bounded_mttkrp,536870912,64,torch.float32,0.6602391192025858,1187584,0.011556359360675993,256,0.0191342434823586,2,completed
0.009307786684388586,0.00437687270375986,0.002857259601958373,ce44c035d6bb640cb45e55e992e92a4356e392e8fecdd76ddd789fa3624cb206,0.9247763595453325,0.8552113151739182,1e-05,1576b92ebb359a519d57d489f8ee823c033588fbd7c77b1c9091606f42fb74a3,True,86.5324423367105,completed_requested_budget_iteration_history_unavailable,1.8741679089998797,15032385536,4096x512x7x7,"{""deterministic"": true, ""seed"": 2, ""torch_deterministic_algorithms"": ""warn_only""}",cuda,,0.19497219597133242,ce44c035d6bb640cb45e55e992e92a4356e392e8fecdd76ddd789fa3624cb206,sha256:ce44c035d6bb640cb45e55e992e92a4356e392e8fecdd76ddd789fa3624cb206,True,independent_zero_iteration_probe_matches_factors_captured_from_actual_fit,random,25,0.6602391192025858,cp,smallnet_hybrid_memory_bounded_mttkrp,536870912,64,torch.float32,0.6602391192025858,1187584,0.011556359360675993,256,0.0191342434823586,2,completed
0.009307786684388586,0.00437687270375986,0.002857259601958373,ce44c035d6bb640cb45e55e992e92a4356e392e8fecdd76ddd789fa3624cb206,0.9224068746871732,0.8508344424701584,1e-05,1576b92ebb359a519d57d489f8ee823c033588fbd7c77b1c9091606f42fb74a3,True,86.5324423367105,completed_requested_budget_iteration_history_unavailable,3.908473291000064,15032385536,4096x512x7x7,"{""deterministic"": true, ""seed"": 2, ""torch_deterministic_algorithms"": ""warn_only""}",cuda,,0.19059532326757256,ce44c035d6bb640cb45e55e992e92a4356e392e8fecdd76ddd789fa3624cb206,sha256:ce44c035d6bb640cb45e55e992e92a4356e392e8fecdd76ddd789fa3624cb206,True,independent_zero_iteration_probe_matches_factors_captured_from_actual_fit,random,50,0.6602391192025858,cp,smallnet_hybrid_memory_bounded_mttkrp,536870912,64,torch.float32,0.6602391192025858,1187584,0.011556359360675993,256,0.0191342434823586,2,completed
0.009307786684388586,0.00437687270375986,0.002857259601958373,ce44c035d6bb640cb45e55e992e92a4356e392e8fecdd76ddd789fa3624cb206,0.9208567656634771,0.8479771828682,1e-05,1576b92ebb359a519d57d489f8ee823c033588fbd7c77b1c9091606f42fb74a3,True,86.5324423367105,completed_requested_budget_iteration_history_unavailable,8.091123471999936,15032385536,4096x512x7x7,"{""deterministic"": true, ""seed"": 2, ""torch_deterministic_algorithms"": ""warn_only""}",cuda,,0.18773806366561419,ce44c035d6bb640cb45e55e992e92a4356e392e8fecdd76ddd789fa3624cb206,sha256:ce44c035d6bb640cb45e55e992e92a4356e392e8fecdd76ddd789fa3624cb206,True,independent_zero_iteration_probe_matches_factors_captured_from_actual_fit,random,100,0.6602391192025858,cp,smallnet_hybrid_memory_bounded_mttkrp,536870912,64,torch.float32,0.6602391192025858,1187584,0.011556359360675993,256,0.0191342434823586,2,completed
0.0136407108707296,0.006479155492606692,0.0041169415809009235,95f77b63240a59c6001e73cc417ea951902f93f2a0c902ae604499a9b75fc6e4,0.8987136742270401,0.8076862682426663,1e-05,1576b92ebb359a519d57d489f8ee823c033588fbd7c77b1c9091606f42fb74a3,True,43.34096307492982,completed_requested_budget_iteration_history_unavailable,1.8795401940001284,30064771072,4096x512x7x7,"{""deterministic"": true, ""seed"": 0, ""torch_deterministic_algorithms"": ""warn_only""}",cuda,,0.25447535223789297,95f77b63240a59c6001e73cc417ea951902f93f2a0c902ae604499a9b75fc6e4,sha256:95f77b63240a59c6001e73cc417ea951902f93f2a0c902ae604499a9b75fc6e4,True,independent_zero_iteration_probe_matches_factors_captured_from_actual_fit,random,10,0.5532109160047733,cp,smallnet_hybrid_memory_bounded_mttkrp,536870912,64,torch.float32,0.5532109160047733,2371072,0.023072860616206305,512,0.03000770088238687,0,completed
0.0136407108707296,0.006479155492606692,0.0041169415809009235,95f77b63240a59c6001e73cc417ea951902f93f2a0c902ae604499a9b75fc6e4,0.8910923394193986,0.7940455573719367,1e-05,1576b92ebb359a519d57d489f8ee823c033588fbd7c77b1c9091606f42fb74a3,True,43.34096307492982,completed_requested_budget_iteration_history_unavailable,4.40517616399984,30064771072,4096x512x7x7,"{""deterministic"": true, ""seed"": 0, ""torch_deterministic_algorithms"": ""warn_only""}",cuda,,0.24083464136716337,95f77b63240a59c6001e73cc417ea951902f93f2a0c902ae604499a9b75fc6e4,sha256:95f77b63240a59c6001e73cc417ea951902f93f2a0c902ae604499a9b75fc6e4,True,independent_zero_iteration_probe_matches_factors_captured_from_actual_fit,random,25,0.5532109160047733,cp,smallnet_hybrid_memory_bounded_mttkrp,536870912,64,torch.float32,0.5532109160047733,2371072,0.023072860616206305,512,0.03000770088238687,0,completed
0.0136407108707296,0.006479155492606692,0.0041169415809009235,95f77b63240a59c6001e73cc417ea951902f93f2a0c902ae604499a9b75fc6e4,0.8874493798968649,0.78756640187933,1e-05,1576b92ebb359a519d57d489f8ee823c033588fbd7c77b1c9091606f42fb74a3,True,43.34096307492982,completed_requested_budget_iteration_history_unavailable,8.43448684100008,30064771072,4096x512x7x7,"{""deterministic"": true, ""seed"": 0, ""torch_deterministic_algorithms"": ""warn_only""}",cuda,,0.23435548587455668,95f77b63240a59c6001e73cc417ea951902f93f2a0c902ae604499a9b75fc6e4,sha256:95f77b63240a59c6001e73cc417ea951902f93f2a0c902ae604499a9b75fc6e4,True,independent_zero_iteration_probe_matches_factors_captured_from_actual_fit,random,50,0.5532109160047733,cp,smallnet_hybrid_memory_bounded_mttkrp,536870912,64,torch.float32,0.5532109160047733,2371072,0.023072860616206305,512,0.03000770088238687,0,completed
0.0136407108707296,0.006479155492606692,0.0041169415809009235,95f77b63240a59c6001e73cc417ea951902f93f2a0c902ae604499a9b75fc6e4,0.8851268046435093,0.7834494602984291,1e-05,1576b92ebb359a519d57d489f8ee823c033588fbd7c77b1c9091606f42fb74a3,True,43.34096307492982,completed_requested_budget_iteration_history_unavailable,16.585209087000067,30064771072,4096x512x7x7,"{""deterministic"": true, ""seed"": 0, ""torch_deterministic_algorithms"": ""warn_only""}",cuda,,0.23023854429365576,95f77b63240a59c6001e73cc417ea951902f93f2a0c902ae604499a9b75fc6e4,sha256:95f77b63240a59c6001e73cc417ea951902f93f2a0c902ae604499a9b75fc6e4,True,independent_zero_iteration_probe_matches_factors_captured_from_actual_fit,random,100,0.5532109160047733,cp,smallnet_hybrid_memory_bounded_mttkrp,536870912,64,torch.float32,0.5532109160047733,2371072,0.023072860616206305,512,0.03000770088238687,0,completed
0.013955361731909477,0.006516127699246255,0.004109192312420684,c3995476863bb5682cc17d1ca07a0c8b9eb64b4f4fa7847dfa1c8b1614c4de9f,0.898800556561119,0.8078424404745772,1e-05,1576b92ebb359a519d57d489f8ee823c033588fbd7c77b1c9091606f42fb74a3,True,43.34096307492982,completed_requested_budget_iteration_history_unavailable,1.6542847859998346,30064771072,4096x512x7x7,"{""deterministic"": true, ""seed"": 1, ""torch_deterministic_algorithms"": ""warn_only""}",cuda,,0.25463152446980386,c3995476863bb5682cc17d1ca07a0c8b9eb64b4f4fa7847dfa1c8b1614c4de9f,sha256:c3995476863bb5682cc17d1ca07a0c8b9eb64b4f4fa7847dfa1c8b1614c4de9f,True,independent_zero_iteration_probe_matches_factors_captured_from_actual_fit,random,10,0.5532109160047733,cp,smallnet_hybrid_memory_bounded_mttkrp,536870912,64,torch.float32,0.5532109160047733,2371072,0.023072860616206305,512,0.030427569179376345,1,completed
0.013955361731909477,0.006516127699246255,0.004109192312420684,c3995476863bb5682cc17d1ca07a0c8b9eb64b4f4fa7847dfa1c8b1614c4de9f,0.8910034111846418,0.7938870787426677,1e-05,1576b92ebb359a519d57d489f8ee823c033588fbd7c77b1c9091606f42fb74a3,True,43.34096307492982,completed_requested_budget_iteration_history_unavailable,4.084995542000115,30064771072,4096x512x7x7,"{""deterministic"": true, ""seed"": 1, ""torch_deterministic_algorithms"": ""warn_only""}",cuda,,0.24067616273789438,c3995476863bb5682cc17d1ca07a0c8b9eb64b4f4fa7847dfa1c8b1614c4de9f,sha256:c3995476863bb5682cc17d1ca07a0c8b9eb64b4f4fa7847dfa1c8b1614c4de9f,True,independent_zero_iteration_probe_matches_factors_captured_from_actual_fit,random,25,0.5532109160047733,cp,smallnet_hybrid_memory_bounded_mttkrp,536870912,64,torch.float32,0.5532109160047733,2371072,0.023072860616206305,512,0.030427569179376345,1,completed
0.013955361731909477,0.006516127699246255,0.004109192312420684,c3995476863bb5682cc17d1ca07a0c8b9eb64b4f4fa7847dfa1c8b1614c4de9f,0.8873392536360721,0.7873709510434215,1e-05,1576b92ebb359a519d57d489f8ee823c033588fbd7c77b1c9091606f42fb74a3,True,43.34096307492982,completed_requested_budget_iteration_history_unavailable,8.125107358999912,30064771072,4096x512x7x7,"{""deterministic"": true, ""seed"": 1, ""torch_deterministic_algorithms"": ""warn_only""}",cuda,,0.23416003503864813,c3995476863bb5682cc17d1ca07a0c8b9eb64b4f4fa7847dfa1c8b1614c4de9f,sha256:c3995476863bb5682cc17d1ca07a0c8b9eb64b4f4fa7847dfa1c8b1614c4de9f,True,independent_zero_iteration_probe_matches_factors_captured_from_actual_fit,random,50,0.5532109160047733,cp,smallnet_hybrid_memory_bounded_mttkrp,536870912,64,torch.float32,0.5532109160047733,2371072,0.023072860616206305,512,0.030427569179376345,1,completed
0.013955361731909477,0.006516127699246255,0.004109192312420684,c3995476863bb5682cc17d1ca07a0c8b9eb64b4f4fa7847dfa1c8b1614c4de9f,0.8850207674009694,0.7832617587310008,1e-05,1576b92ebb359a519d57d489f8ee823c033588fbd7c77b1c9091606f42fb74a3,True,43.34096307492982,completed_requested_budget_iteration_history_unavailable,17.276777435999975,30064771072,4096x512x7x7,"{""deterministic"": true, ""seed"": 1, ""torch_deterministic_algorithms"": ""warn_only""}",cuda,,0.23005084272622744,c3995476863bb5682cc17d1ca07a0c8b9eb64b4f4fa7847dfa1c8b1614c4de9f,sha256:c3995476863bb5682cc17d1ca07a0c8b9eb64b4f4fa7847dfa1c8b1614c4de9f,True,independent_zero_iteration_probe_matches_factors_captured_from_actual_fit,random,100,0.5532109160047733,cp,smallnet_hybrid_memory_bounded_mttkrp,536870912,64,torch.float32,0.5532109160047733,2371072,0.023072860616206305,512,0.030427569179376345,1,completed
0.01364915512054421,0.006287878482440279,0.003967762190720481,223ca3a43c15e445b5689744497db28b44244262c14dd1c93e0a427238840148,0.8985678922398833,0.8074242569644265,1e-05,1576b92ebb359a519d57d489f8ee823c033588fbd7c77b1c9091606f42fb74a3,True,43.34096307492982,completed_requested_budget_iteration_history_unavailable,1.6403914950001308,30064771072,4096x512x7x7,"{""deterministic"": true, ""seed"": 2, ""torch_deterministic_algorithms"": ""warn_only""}",cuda,,0.2542133409596532,223ca3a43c15e445b5689744497db28b44244262c14dd1c93e0a427238840148,sha256:223ca3a43c15e445b5689744497db28b44244262c14dd1c93e0a427238840148,True,independent_zero_iteration_probe_matches_factors_captured_from_actual_fit,random,10,0.5532109160047733,cp,smallnet_hybrid_memory_bounded_mttkrp,536870912,64,torch.float32,0.5532109160047733,2371072,0.023072860616206305,512,0.02960623933144749,2,completed
0.01364915512054421,0.006287878482440279,0.003967762190720481,223ca3a43c15e445b5689744497db28b44244262c14dd1c93e0a427238840148,0.8909405714433944,0.7937751018438823,1e-05,1576b92ebb359a519d57d489f8ee823c033588fbd7c77b1c9091606f42fb74a3,True,43.34096307492982,completed_requested_budget_iteration_history_unavailable,4.08414032099995,30064771072,4096x512x7x7,"{""deterministic"": true, ""seed"": 2, ""torch_deterministic_algorithms"": ""warn_only""}",cuda,,0.240564185839109,223ca3a43c15e445b5689744497db28b44244262c14dd1c93e0a427238840148,sha256:223ca3a43c15e445b5689744497db28b44244262c14dd1c93e0a427238840148,True,independent_zero_iteration_probe_matches_factors_captured_from_actual_fit,random,25,0.5532109160047733,cp,smallnet_hybrid_memory_bounded_mttkrp,536870912,64,torch.float32,0.5532109160047733,2371072,0.023072860616206305,512,0.02960623933144749,2,completed
0.01364915512054421,0.006287878482440279,0.003967762190720481,223ca3a43c15e445b5689744497db28b44244262c14dd1c93e0a427238840148,0.8874047686154509,0.7874872233614421,1e-05,1576b92ebb359a519d57d489f8ee823c033588fbd7c77b1c9091606f42fb74a3,True,43.34096307492982,completed_requested_budget_iteration_history_unavailable,8.149010427999883,30064771072,4096x512x7x7,"{""deterministic"": true, ""seed"": 2, ""torch_deterministic_algorithms"": ""warn_only""}",cuda,,0.2342763073566687,223ca3a43c15e445b5689744497db28b44244262c14dd1c93e0a427238840148,sha256:223ca3a43c15e445b5689744497db28b44244262c14dd1c93e0a427238840148,True,independent_zero_iteration_probe_matches_factors_captured_from_actual_fit,random,50,0.5532109160047733,cp,smallnet_hybrid_memory_bounded_mttkrp,536870912,64,torch.float32,0.5532109160047733,2371072,0.023072860616206305,512,0.02960623933144749,2,completed
0.01364915512054421,0.006287878482440279,0.003967762190720481,223ca3a43c15e445b5689744497db28b44244262c14dd1c93e0a427238840148,0.8851663466099022,0.7835194611707216,1e-05,1576b92ebb359a519d57d489f8ee823c033588fbd7c77b1c9091606f42fb74a3,True,43.34096307492982,completed_requested_budget_iteration_history_unavailable,18.26182103899987,30064771072,4096x512x7x7,"{""deterministic"": true, ""seed"": 2, ""torch_deterministic_algorithms"": ""warn_only""}",cuda,,0.23030854516594823,223ca3a43c15e445b5689744497db28b44244262c14dd1c93e0a427238840148,sha256:223ca3a43c15e445b5689744497db28b44244262c14dd1c93e0a427238840148,True,independent_zero_iteration_probe_matches_factors_captured_from_actual_fit,random,100,0.5532109160047733,cp,smallnet_hybrid_memory_bounded_mttkrp,536870912,64,torch.float32,0.5532109160047733,2371072,0.023072860616206305,512,0.02960623933144749,2,completed
